Month/Year,Victim of the Conflict,Municipality,Reason for consultation,Previous complaints,Scene of Violence,Type of Violence,Remission,Entity to which it refers
June-2017,Yes,Soledad,mistreatment by the governor's escort,Yes,Others,Psychological - Physical,None,None
June-2017,No,Soledad,LEGAL ADVICE TO MAKE YOUR TESTIMONY PUBLIC,Yes,VIF,All of the above,Psycho-Legal,None
June-2017,No,Soledad,ATTENDANT FEARS FOR HIS LIFE FROM HIS EX PARTNER.,Yes,VIF,Psychological - Physical,Psycho-Legal,Family commissary
June-2017,Yes,Barranquilla,VICTIM OF DOMESTIC VIOLENCE PSYCHOLOGICAL ADVICE.,No,VIF,Psychological - Physical - Sexual,Psychological Orientation,None
June-2017,No,Barranquilla,SEPARATION FROM YOUR PARENTS,No,VIF,Psychological,Psychological Orientation,None
June-2017,No,Malambo,ABUSE BY HER BOYFRIEND,No,Others,Psychological - Physical,Legal advice,Prosecutor's office
June-2017,No,Malambo,ABUSE AND THREAT OF DEATH,No,VIF,Psychological - Physical,Psycho-Legal,Family commissary
June-2017,No,Barranquilla,PHYSICAL AND PSYCHOLOGICAL ABUSE,Yes,VIF,Psychological - Physical - Heritage,Psychological Orientation,None
June-2017,NO,Barranquilla,PHYSICAL AND PSYCHOLOGICAL ABUSE,Yes,VIF,Psychological - Physical - Heritage,Psycho-Legal,Family commissary
June-2017,No,Soledad,VICTIM OF DOMESTIC VIOLENCE PSYCHOLOGICAL ADVICE.,Yes,VIF,Psychological,Legal advice,Family commissary
June-2017,No,Barranquilla,PHYSICAL HARASSMENT,Yes,Others,Physical,Legal advice,Police Inspection
June-2017,NO,Barranquilla,VICTIM OF VIF,Yes,VIF,Psychological - Physical,Legal advice,Family commissary
June-2017,No,Barranquilla,harassed by her ex partner,No,Others,Psychological,Psychological Orientation,Police Inspection
June-2017,No,Barranquilla,query,Yes,VIF,Psychological - Physical,Psycho-Legal,Ombudsman's Office
June-2017,No,Barranquilla,You suspect your granddaughter was a victim of abuse,No,Does not apply,Does not apply,Psycho-Legal,None
June-2017,No,Barranquilla,She attends for her grandmother who suspects that her granddaughter has been a victim of abuse,No,Does not apply,Does not apply,Psychological Orientation,None
June-2017,No,Barranquilla,Abuse by your partner,No,VIF,Psychological - Physical - Heritage,Psycho-Legal,Family commissary
June-2017,NO,Barranquilla,ORIENTATION,No,Does not apply,Does not apply,Social work,None
June-2017,No,Barranquilla,orientation,Yes,VIF,Physical - Heritage,Legal advice,Ombudsman's Office
June-2017,No,Barranquilla,orientation,No,Does not apply,Does not apply,Legal advice,None
June-2017,No,Barranquilla,LEGAL GUIDANCE,Yes,Does not apply,Does not apply,Legal advice,Ombudsman's Office
June-2017,No,Barranquilla,counseling for domestic violence,Yes,VIF,Psychological - Physical - Sexual,Legal advice,Family commissary
June-2017,No,Barranquilla,PSYCHOLOGICAL SUPPORT,Yes,Others,Psychological - Physical,None,None
June-2017,No,Colombian Port,AGGRESSIONS BY A NEIGHBOR,Yes,Others,Psychological,Legal advice,Police Inspection
June-2017,No,Barranquilla,mistreatment by her partner against her and her children,Yes,VIF,Psychological - Physical,Psycho-Legal,Family commissary
June-2017,No,Barranquilla,his minor daughter has a behavior problem (Ana Michelle Rangel Artega),No,Does not apply,Psychological,Psychological Orientation,None
June-2017,No,Soledad,mistreatment by her husband,Yes,VIF,Psychological - Patrimonial,Legal advice,Family commissary
June-2017,No,Soledad,her husband mistreats her and the police station gave her wrong information,Yes,VIF,Psychological - Physical - Heritage,Legal advice,None
June-2017,No,Barranquilla,HER HUSBAND THE ULTRAJA IN DIVORCE PROCESS,Yes,VIF,Psychological - Patrimonial,Legal advice,None
June-2017,No,Soledad,"family conflicts with ex-husband, mother and sisters",Yes,VIF,Psychological - Physical,Psycho-Legal,Family commissary
June-2017,No,Barranquilla,she was physically assaulted by a former neighbor who is jealous of her husband with her,Yes,Others,Physical,Psycho-Legal,None
June-2017,No,Sabanalarga,he was attacked by his partner with hot water,Yes,VIF,Physical,Legal advice,Family commissary
June-2017,No,Barranquilla,consulate for aggravated intrafamilial trauma,Yes,VIF,Psychological - Physical,Psycho-Legal,None
June-2017,No,Barranquilla,moods,No,Does not apply,Psychological,None,None
June-2017,No,Malambo,ORIETATION,No,Does not apply,Does not apply,Social work,None
June-2017,No,Soledad,ORIETATION,Yes,VIF,Psychological - Physical,Psychological Orientation,None
June-2017,Yes,Barranquilla,Psychological orientation.,No,Does not apply,Does not apply,None,None
June-2017,no,Colombian Port,mistreatment of her partner's family with her.,Yes,VIF,Psychological - Physical,Legal advice,Family commissary
July-2017,No,Barranquilla,OTHERS,No,Does not apply,Does not apply,Psychological Orientation,None
July-2017,Yes,Soledad,FOOD INASINTENCE,Yes,VIF,Psychological,Psycho-Legal,Family commissary
July-2017,no,Barranquilla,psychological orientation,Yes,VIF,All of the above,Psychological Orientation,None
July-2017,Yes,Barranquilla,legal advice to claim your daughter who is in the family welfare,Yes,VIF,Psychological - Physical,Psycho-Legal,Ombudsman's Office
July-2017,NO,Soledad,PSYCHOLOGICAL SUPPORT,No,VIF,Psychological - Physical - Heritage,Psycho-Legal,None
July-2018,No,Soledad,PSYCHOLOGICAL,Yes,Others,Psychological,None,None
July-2017,no,Soledad,PSYCHOLOGICAL SUPPORT,No,VIF,Psychological - Sexual - Patrimonial,Psycho-Legal,None
July-2017,No,Malambo,HER EX PARTNER DOES NOT HELP HER WITH THINGS FOR HER DAUGHTER AND SENT HER A WELLNESS CITATION,Yes,Others,Does not apply,Legal advice,Ombudsman's Office
July-2017,No,Soledad,"HER EX-BOYFRIEND THREATENS AND HARASSES HER, PERSECUTES HER SAYS HE WILL HURT HER",Yes,Others,Psychological,Psycho-Legal,None
July-2017,Yes,Barranquilla,receives constant threats that he is going to deport her,Yes,VIF,Psychological - Physical,Psycho-Legal,None
July-2017,No,Barranquilla,his mother was a victim of feminicide,No,Others,Psychological,Legal advice,None
July-2017,No,Barranquilla,PSYCHOLOGICAL AND LEGAL SUPPORT,No,VIF,Psychological - Physical - Heritage,Psycho-Legal,Ombudsman's Office
July-2017,No,Soledad,legal support in process that he undertakes against his ex-partner,Yes,VIF,Psychological - Physical - Heritage,Legal advice,Ombudsman's Office
July-2017,Yes,Barranquilla,Query,NO,Others,Psychological,Legal advice,Family commissary
July-2017,YES,Barranquilla,Query,No,Does not apply,Psychological,Legal advice,None
July-2017,No,Sabanalarga,he was attacked by his partner with hot water,Yes,Does not apply,Physical,Legal advice,Family commissary
July-2017,No,Barranquilla,needs representation in a purchasing prescription process,No,Does not apply,Does not apply,Legal advice,Ombudsman's Office
July-2017,no,Soledad,I need psychological and legal support,Yes,VIF,All of the above,Psycho-Legal,Family commissary
July-2017,No,Colombian Port,Query,No,VIF,Psychological,Psycho-Legal,Ombudsman's Office
July-2017,No,Colombian Port,PSYCHOSOCIAL ORIENTATION,No,VIF,Psychological,None,None
July-2017,No,Barranquilla,YOU NEED LEGAL ADVICE,No,Others,Does not apply,Legal advice,Family commissary
July-2017,No,Soledad,PSYCHO / LEGAL,Yes,VIF,Psychological - Physical - Sexual,Psychological Orientation,Ombudsman's Office
July-2017,No,Barranquilla,PSYCHO / LEGAL,No,Does not apply,Psychological,Psycho-Legal,Ombudsman's Office
July-2017,No,Barranquilla,PSYCHO / LEGAL,No,VIF,Psychological - Patrimonial,Psycho-Legal,None
July-2017,No,Soledad,Psychological Support,Yes,Others,Sexual,Psychological Orientation,None
July-2017,No,Soledad,legal advice,No,Others,Does not apply,Legal advice,None
July-2017,Yes,Soledad,Psychological Support,No,Does not apply,Does not apply,Psychological Orientation,None
July-2017,Yes,Barranquilla,Psychological Support,No,Does not apply,Does not apply,Psycho-Legal,Ombudsman's Office
July-2017,No,Barranquilla,legal support,No,Does not apply,Psychological - Physical,Legal advice,Ombudsman's Office
July-2017,no,Colombian Port,legal support,No,Does not apply,Does not apply,Legal advice,Family commissary
July-2017,Yes,Galapa,legal and psychological support,No,Does not apply,Psychological,Psycho-Legal,None
July-2017,No,Barranquilla,PSYCHOJURIDICAL ADVICE,No,Does not apply,Psychological - Physical,Psycho-Legal,Family commissary
July-2017,No,Soledad,LEGAL,Yes,VIF,Psychological - Physical,Legal advice,Family commissary
July-2017,No,Barranquilla,PSYCHO / LEGAL SUPPORT,Yes,VIF,All of the above,Psycho-Legal,Family commissary
July-2017,No,Barranquilla,PSYCHO / LEGAL SUPPORT,Yes,VIF,All of the above,Psycho-Legal,Family commissary
July-2017,No,Barranquilla,LEGAL SUPPORT,Yes,VIF,Psychological - Physical - Heritage,Legal advice,Family commissary
July-2017,No,Barranquilla,LEGAL ADVICE,No,VIF,All of the above,Legal advice,Family commissary
July-2017,No,Louse,LEGAL ADVICE,No,Does not apply,Does not apply,Legal advice,Family commissary
July-2017,No,Barranquilla,LEGAL ADVICE,Yes,VIF,All of the above,Legal advice,Family commissary
July-2017,No,Barranquilla,Query,No,VIF,Psychological - Sexual - Patrimonial,Legal advice,Family commissary
July-2017,No,Soledad,LEGAL ASESOPRIA,No,Others,Psychological,Legal advice,None
July-2017,No,Field of the Cross,LEGAL ADVICE,No,VIF,Psychological,Legal advice,None
July-2017,No,Soledad,Query,No,VIF,Psychological,Legal advice,Family commissary
July-2017,No,Soledad,PSYCHOLOGICAL ADVICE,No,Does not apply,Does not apply,Psychological Orientation,None
July-2017,No,Soledad,LEGAL ADVICE,No,Does not apply,Does not apply,Legal advice,None
July-2017,No,Soledad,LEGAL ADVICE,No,Does not apply,Does not apply,Legal advice,None
July-2017,No,Suan,LEGAL ADVICE,Yes,Does not apply,Does not apply,Legal advice,Family commissary
July-2017,No,Soledad,Query,No,Does not apply,Does not apply,None,None
July-2017,No,barranquilla,JUR ADVICE,Yes,Does not apply,Does not apply,Legal advice,None
July-2017,No,Barranquilla,PSYCHO / LEGAL ADVICE,No,VIF,Psychological,Psycho-Legal,Family commissary
July-2017,No,Barranquilla,Psychological Counseling,No,Does not apply,Does not apply,Psychological Orientation,None
July-2017,Yes,Barranquilla,legal advice,Yes,Does not apply,Does not apply,Legal advice,None
July-2017,Yes,Soledad,ASES. JURID.,No,Does not apply,Does not apply,Legal advice,None
July-2017,No,Barranquilla,Psychological Counseling,No,Others,Psychological,Legal advice,None
July-2017,Yes,Barranquilla,Psychological Counseling,No,VIF,Psychological - Physical,Psycho-Legal,Family commissary
July-2017,NO,Laying,LEGAL ADVICE,Yes,VIF,Psychological - Physical - Heritage,Psycho-Legal,None
July-2017,No,St Thomas,LEGAL ADVICE,Yes,Does not apply,Psychological,Psycho-Legal,Family commissary
July-2017,NO,Juan de Acosta,PSYCHOLOGY COUNSELING,No,Does not apply,Does not apply,None,None
July-2017,No,Soledad,LEGAL ADVICE,No,Others,Patrimonial,Legal advice,Family commissary
July-2017,No,Barranquilla,legal advice,No,Others,Psychological,Legal advice,None
August-2017,No,Soledad,legal advice,No,Does not apply,Does not apply,Legal advice,None
August-2017,No,Barranquilla,legal advice,Yes,VIF,Physical,Legal advice,None
August-2017,No,Barranquilla,KJURIDICA ADVICE,No,Others,Does not apply,Legal advice,Family commissary
August-2017,No,Barranquilla,legal advice,Yes,VIF,Does not apply,Psychological Orientation,Prosecutor's office
August-2017,No,Barranquilla,LEGAL ADVICE,No,Others,Psychological - Physical,Psychological Orientation,None
August-2017,No,Barranquilla,Psychological Counseling,No,VIF,Psychological,Psychological Orientation,None
August-2017,No,Barranquilla,Psychological Counseling,No,VIF,Psychological,None,None
August-2017,No,Barranquilla,Psychological Counseling,No,VIF,Psychological,Psychological Orientation,None
August-2017,No,Sabanalarga,LEGAL ADVICE,Yes,Others,Sexual,Legal advice,None
August-2017,No,Barranquilla,LEGAL ADVICE,No,VIF,Physical,Legal advice,None
August-2017,No,Barranquilla,psycho-legal advice,Yes,Does not apply,Does not apply,Legal advice,Ombudsman's Office
August-2017,No,Barranquilla,LEGAL ADVICE,No,Does not apply,Does not apply,Legal advice,None
August-2017,NO,Barranquilla,PSYCHOSOCIAL,no,Does not apply,Does not apply,Legal advice,None
August-2017,No,Polonuevo,PSYCHOSOCIAL,No,VIF,Psychological,Psychological Orientation,Family commissary
August-2017,NO,Barranquilla,LEGAL ADVICE,YES,VIF,Psychological,Psycho-Legal,Ombudsman's Office
August-2017,No,Malambo,PSYCHOLOGICAL VIOLENCE,No,VIF,Psychological - Patrimonial,Psychological Orientation,None
August-2017,No,Soledad,domestic violence,No,VIF,Psychological - Physical,Legal advice,Family commissary
August-2017,Yes,Colombian Port,ADVISORY,YES,Does not apply,Does not apply,Psycho-Legal,Family commissary
August-2017,NO,BARRANQUILLA,ADVISORY,Yes,VIF,Psychological - Physical,Psycho-Legal,Prosecutor's office
August-2017,No,Soledad,psycho / legal advice,Yes,VIF,All of the above,Psycho-Legal,None
August-2017,NO,Malambo,Psychological Counseling,Yes,VIF,Psychological - Physical - Heritage,Psychological Orientation,Family commissary
August-2017,NO,Barranquilla,LEGAL ADVICE,Yes,Does not apply,Does not apply,None,None
August-2017,No,Big bed sheet,PSYCHOJURIDICAL ADVICE,Yes,VIF,Psychological - Patrimonial,Legal advice,Family commissary
August-2017,No,Soledad,Psychological Counseling,No,Does not apply,Does not apply,None,None
August-2017,No,Barranquilla,Psychological Counseling,No,Others,Does not apply,Psychological Orientation,None
August-2017,No,Colombian Port,Psychological Counseling,YES,Does not apply,Does not apply,Psychological Orientation,None
August-2017,No,Soledad,LEGAL ADVICE,Yes,VIF,Psychological - Physical,Psycho-Legal,Family commissary
August-2017,No,Soledad,PSYCHOLOGICAL ADVICE,No,Others,Psychological,Psychological Orientation,None
August-2017,No,Soledad,PSYCHOLOGICAL ADVICE,No,VIF,Psychological - Sexual - Patrimonial,None,None
August-2017,No,Sabanalarga,PSYCHOSOCIAL COUNSELING,Yes,VIF,Psychological,Psychological Orientation,None
August-2017,No,Soledad,LEGAL ADVICE,Yes,VIF,Psychological - Patrimonial,Legal advice,Ombudsman's Office
August-2017,No,Soledad,PSYCHOLOGICAL ADVICE,Yes,Others,Psychological,Psychological Orientation,None
August-2017,No,Barranquilla,PSYCHOLOGICAL ADVICE,No,VIF,Psychological - Physical - Heritage,Psycho-Legal,Family commissary
August-2017,No,Baranoa,advisory,No,Does not apply,Does not apply,Psychological Orientation,None
August-2017,no,barranquilla,psychological counseling,Yes,Others,Sexual,Psychological Orientation,None
August-2017,no,barranquilla,psychology counseling,No,Others,Does not apply,None,None
August-2017,Yes,Barranquilla,PsioJuridica,Yes,Others,Physical,Psycho-Social,Police Inspection
August-2017,Yes,Soledad,Legal and Psychological Advice,No,VIF,Psychological - Physical - Sexual,Psycho-Legal,None
August-2017,Yes,Barranquilla,legal advice,No,VIF,Psychological - Physical,Psycho-Legal,Family commissary
September-2017,No,Barranquilla,Legal and Psychological Advice,No,Others,Does not apply,Legal advice,None
September-2017,no,Barranquilla,PSYCHOSOCIAL COUNSELING,No,VIF,Psychological - Sexual,Psycho-Social,ICBF
September-2017,No,Galapa,psycho / legal advice,Yes,VIF,Psychological - Patrimonial,Psycho-Legal,Family commissary
September-2017,NO,BARRANQUILLA,LEGAL ADVICE,Yes,Does not apply,Sexual,Psychological Orientation,ICBF
September-2017,No,Soledad,Legal advice,Yes,VIF,Psychological - Physical,Legal advice,None
September-2017,NO,BARRANQUILLA,JURI ADVICE,No,Does not apply,Psychological,Psychological Orientation,Family commissary
September-2017,Yes,Big bed sheet,ADVISORY,No,Others,Does not apply,None,None
September-2017,No,Barranquilla,PSYCHO / LEGAL ADVICE,No,Others,Sexual,Psycho-Legal,Prosecutor's office
September-2017,No,Soledad,PSYCHOSOCIAL COUNSELING,No,VIF,Psychological,Psycho-Social,None
September-2017,No,Soledad,LEGAL ADVICE,Yes,VIF,Psychological - Physical,Psycho-Legal,None
September-2017,Yes,Barranquilla,Legal and Psychological Advice,No,Does not apply,Does not apply,Psycho-Legal,None
September-2017,No,Barranquilla,ADVISORY,YES,VIF,Psychological - Physical - Sexual,Psycho-Legal,Ombudsman's Office
September-2017,NO,Barranquilla,advisory,Yes,VIF,Sexual,Psychological Orientation,None
September-2017,No,Galapa,ADVISORY,Yes,VIF,All of the above,Psycho-Legal,None
September-2017,Yes,Barranquilla,ADVISORY,No,VIF,Psychological,Psycho-Legal,None
September-2017,No,Colombian Port,legal advice,No,VIF,Psychological - Physical,Legal advice,Prosecutor's office
September-2017,No,Barranquilla,Legal and Psychological Advice,No,VIF,Psychological,Psycho-Legal,None
September-2017,No,Barranquilla,PSYCHO / LEGAL ADVICE,No,Does not apply,Does not apply,Psychological Orientation,None
September-2017,No,Barranquilla,psychological and legal advice,Yes,VIF,Psychological - Physical,Psycho-Legal,Ombudsman's Office
September-2017,No,Barranquilla,legal advice,No,Does not apply,Does not apply,Legal advice,None
September-2017,No,Soledad,Query,No,VIF,All of the above,Psychological Orientation,None
September-2017,No,Malambo,PSYCHOSOCIAL,No,VIF,Psychological,Social work,Family commissary
September-2017,No,Barranquilla,PsyCOSOCIAL,Yes,VIF,Psychological - Physical,Legal advice,None
September-2017,No,Barranquilla,LEGAL ASE,No,Does not apply,Psychological - Patrimonial,Legal advice,None
September-2017,NO,BARRANQUILLA,LEGAL ASE,NO,Does not apply,Does not apply,Legal advice,Prosecutor's office
September-2017,No,Usiacurí,legal advice,Yes,VIF,Psychological,None,Police Inspection
September-2017,No,Field of the Cross,legal advice,No,Does not apply,Does not apply,None,None
September-2017,No,Field of the Cross,legal advice,No,VIF,Psychological,None,Family commissary
September-2017,No,Barranquilla,legal advice,Yes,VIF,Does not apply,Psycho-Legal,Ombudsman's Office
September-2017,No,Soledad,legal advice,No,VIF,Psychological - Physical,None,Family commissary
September-2017,No,Luruaco,legal advice,No,VIF,Psychological - Physical,None,Family commissary
September-2017,No,Barranquilla,legal advice,No,VIF,Psychological - Physical,None,Family commissary
September-2017,No,Barranquilla,Query,No,Does not apply,Does not apply,None,ICBF
September-2017,No,Barranquilla,LEGAL ADVICE,No,Does not apply,Does not apply,Legal advice,Family commissary
September-2017,Yes,Barranquilla,PSYCHO / LEGAL ADVICE,No,VIF,Psychological,Psycho-Legal,None
September-2017,No,Soledad,psychological counseling,Yes,VIF,Psychological - Physical - Heritage,Psychological Orientation,None
September-2017,No,Soledad,psycho legal advice,Yes,VIF,Psychological,Psycho-Legal,Family commissary
September-2017,No,Barranquilla,legal advice,No,Does not apply,Does not apply,Legal advice,None
September-2017,No,Barranquilla,legal advice,Yes,VIF,Psychological - Physical - Heritage,Legal advice,Family commissary
September-2017,No,Barranquilla,legal advice,No,VIF,Psychological - Physical,Legal advice,Family commissary
September-2017,No,Barranquilla,PSYCHOLOGICAL AND LEGAL ADVICE,No,VIF,Psychological - Patrimonial,Psycho-Legal,Family commissary
September-2017,No,Barranquilla,LEGAL ADVICE,No,Does not apply,Does not apply,Legal advice,Ombudsman's Office
September-2017,No,Malambo,LEGAL ADVICE,No,Does not apply,Does not apply,None,None
September-2017,No,Soledad,legal advice,No,Does not apply,Does not apply,Legal advice,None
September-2017,Yes,Barranquilla,legal advice,No,Does not apply,Does not apply,None,None
September-2017,No,Barranquilla,legal advice,Yes,VIF,Psychological - Physical - Heritage,Legal advice,None
September-2017,No,Barranquilla,legal advice,No,Others,Psychological - Physical,Psycho-Legal,None
September-2017,No,Palmar de Varela,legal advice,Yes,VIF,Psychological - Physical,Psycho-Legal,None
September-2017,no,Barranquilla,psychological counseling,No,Does not apply,Does not apply,None,None
October-2017,No,Barranquilla,ase.juridica,No,Does not apply,Does not apply,Legal advice,None
October-2017,No,Barranquilla,legal advice,Yes,VIF,Psychological - Physical - Heritage,none,Family commissary
October-2017,No,Barranquilla,PSYCHO / JURIDCA ADVICE,No,VIF,All of the above,Psycho-Legal,Prosecutor's office
October-2017,No,Barranquilla,PSYCHOLOGICAL ORIENTATION,No,VIF,Physical,Psychological Orientation,None
October-2017,No,Barranquilla,legal advice,No,VIF,Psychological,Legal advice,Family commissary
October-2017,No,Luruaco,Ase.Juridica,Yes,Does not apply,Does not apply,Legal advice,Prosecutor's office
October-2017,No,Barranquilla,legal advice,Yes,VIF,Patrimonial,None,None
October-2017,No,Malambo,PSYCHOLOGY,Yes,Does not apply,Does not apply,Psychological Orientation,None
October-2017,No,Malambo,legal advice,Yes,Does not apply,Does not apply,Psycho-Legal,None
October-2017,No,Barranquilla,legal advice,Yes,Does not apply,Does not apply,Legal advice,Police Inspection
October-2017,No,Colombian Port,LEGAL ADVICE,Yes,Does not apply,Psychological - Physical,Legal advice,Family commissary
October-2017,No,GALAPA,LEGAL AND PSYCHOLOGICAL ADVICE,No,VIF,Psychological,Legal advice,Family commissary
October-2017,No,Soledad,PSYCHOSOCIAL,No,VIF,Psychological,Psycho-Social,Family commissary
October-2017,No,Barranquilla,LEGAL ADVICE,No,Does not apply,Does not apply,None,None
October-2017,No,Barranquilla,LEGAL ASE,No,Others,Does not apply,Legal advice,Prosecutor's office
October-2017,No,Barranquilla,LEGAL ASSESSMENT,No,Others,Does not apply,None,None
October-2017,No,Big bed sheet,LEGAL ADVICE,No,Does not apply,Does not apply,Legal advice,Family commissary
October-2017,No,Soledad,LEGAL ADVICE,Yes,Does not apply,Does not apply,Legal advice,Ombudsman's Office
October-2017,No,Soledad,LEGAL ASE,Yes,VIF,Psychological,Legal advice,Prosecutor's office
October-2017,No,Barranquilla,LEGAL ADVICE,Yes,VIF,Psychological - Physical,Psychological Orientation,Ombudsman's Office
October-2017,NO,Barranquilla,Query,Yes,VIF,Psychological - Patrimonial,Psychological Orientation,Family commissary
October-2017,No,Barranquilla,legal advice,No,VIF,Psychological,Legal advice,Family commissary
October-2017,No,Malambo,LEGAL ADVICE,Yes,Does not apply,Does not apply,Legal advice,Family commissary
October-2017,No,Barranquilla,ase.psicolo,Yes,Others,Psychological,Psychological Orientation,None
October-2017,No,Barranquilla,LEGAL ADVICE,No,Others,Does not apply,None,None
October-2017,No,Soledad,PSYCHOLOGICAL ORIENTATION,Yes,VIF,Physical,Psychological Orientation,None
October-2017,No,Soledad,PSYCHOLOGICAL ORIENTATION,No,VIF,Does not apply,Psychological Orientation,None
October-2017,No,Soledad,LEGAL ADVICE,Yes,VIF,Psychological - Physical - Heritage,Legal advice,Family commissary
October-2017,Yes,Barranquilla,legal advice,No,Others,Does not apply,Legal advice,Ombudsman's Office
October-2017,Yes,Soledad,legal advice,Yes,VIF,Psychological,None,Family commissary
October-2017,No,Barranquilla,LEGAL ADVICE,Yes,VIF,Physical,Psycho-Legal,Prosecutor's office
October-2017,No,Barranquilla,LEGAL ADVICE,Yes,VIF,Psychological,Legal advice,Family commissary
October-2017,No,Malambo,LEGAL ADVICE,Yes,Does not apply,Does not apply,Psycho-Legal,Family commissary
October-2017,No,Barranquilla,PSYCHO / LEGAL ADVICE,Yes,VIF,All of the above,Psycho-Legal,Family commissary
October-2017,No,Malambo,legal advice,No,Does not apply,Psychological,None,None
October-2017,No,Soledad,Psychological counseling,Yes,Does not apply,Does not apply,None,None
October-2017,No,Barranquilla,psycho-legal advice,Yes,VIF,Psychological - Physical - Heritage,None,None
October-2017,No,Soledad,PSYCHOLOGICAL ASE,No,Does not apply,Does not apply,Psychological Orientation,None
October-2017,NO,Soledad,PSYCHOLOGICAL ADVICE,NO,Does not apply,Does not apply,Psychological Orientation,None
October-2017,No,Malambo,ase.psychological,Yes,Does not apply,Does not apply,Psychological Orientation,None
October-2017,No,Soledad,PSYCHOLOGICAL ASE,No,Does not apply,Does not apply,None,None
October-2017,No,Soledad,legal advice,Yes,VIF,Psychological - Physical,Legal advice,None
October-2017,No,Soledad,LEGAL ADVICE,Yes,VIF,Physical,Legal advice,None
October-2017,No,Barranquilla,legal advice,Yes,Does not apply,Psychological - Physical,Legal advice,Family commissary
October-2017,No,Barranquilla,ase.psico-legal,No,VIF,Psychological - Physical,Psycho-Legal,Family commissary
October-2017,No,Soledad,ASES. LEGAL,No,VIF,Physical,Legal advice,None
October-2017,No,sea ​​cow,ASE. LEGAL,NO,Does not apply,Does not apply,None,None
October-2017,No,Barranquilla,legal advice,No,VIF,Psychological - Physical,Legal advice,Family commissary
October-2017,No,Barranquilla,legal advice,No,Others,Physical,Legal advice,Family commissary
October-2017,No,Barranquilla,legal advice,No,VIF,Physical,Legal advice,Prosecutor's office
October-2017,No,Barranquilla,psycho-legal advice,No,Others,Psychological - Patrimonial,None,Family commissary
October-2017,No,Barranquilla,legal advice,Yes,Does not apply,Does not apply,None,Police Inspection
October-2017,no,Barranquilla,PSYCHOSOCIAL COUNSELING,No,VIF,Psychological - Physical - Heritage,Psycho-Legal,Family commissary
October-2017,No,Barranquilla,LEGAL ADVICE,No,VIF,Psychological - Physical,Psychological Orientation,None
October-2017,No,Soledad,LEGAL ADVICE,No,Does not apply,Does not apply,None,None
October-2017,No,Soledad,LEGAL ADVICE,No,Does not apply,Does not apply,None,Ombudsman's Office
October-2017,No,Soledad,LEGAL ADVICE,No,Does not apply,Does not apply,None,Ombudsman's Office
October-2017,No,Repelón,LEGAL ADVICE,Yes,VIF,Psychological - Physical,None,Family commissary
October-2017,No,Juan de Acosta,LEGAL ADVICE,No,Others,Physical,Legal advice,Police Inspection
October-2017,No,Malambo,LEGAL ADVICE,No,VIF,Psychological - Physical,Legal advice,Family commissary
October-2017,No,Barranquilla,psycho-legal advice,Yes,VIF,Psychological,None,None
October-2017,No,Malambo,legal advice,No,Does not apply,Does not apply,None,None
October-2017,Yes,Barranquilla,legal advice,Yes,VIF,All of the above,Psychological Orientation,Family commissary
October-2017,No,Soledad,psychological counseling,No,VIF,Psychological,Psychological Orientation,None
October-2017,No,Barranquilla,LEGAL ADVICE,No,VIF,Psychological - Physical,Psychological Orientation,Prosecutor's office
October-2017,No,Barranquilla,legal advice,Yes,VIF,Psychological - Patrimonial,Legal advice,None
October-2017,No,Barranquilla,LEGAL ADVICE,Yes,VIF,Psychological - Physical,Legal advice,Family commissary
October-2017,No,Barranquilla,legal advice,No,Does not apply,Does not apply,None,None
October-2017,no,Soledad,legal advice,No,Others,Psychological - Physical,Legal advice,None
November-2017,No,Barranquilla,legal advice,Yes,Others,Physical,Psycho-Legal,None
November-2017,No,Barranquilla,LEGAL ADVICE,Yes,VIF,All of the above,Legal advice,Family commissary
November-2017,No,Soledad,legal advice,No,Others,Psychological,Legal advice,Prosecutor's office
November-2017,No,Malambo,legal advice,No,Others,Psychological,Legal advice,Prosecutor's office
November-2017,no,Soledad,legal advice,Yes,VIF,Psychological - Physical,Legal advice,None
November-2017,no,Soledad,legal advice,No,VIF,Psychological - Physical,Legal advice,None
November-2017,No,Barranquilla,legal advice,Yes,Others,Psychological - Physical,None,None
November-2017,No,Barranquilla,legal advice,Yes,Does not apply,Does not apply,None,None
November-2017,No,Barranquilla,legal advice,Yes,Others,Physical,Psychological Orientation,None
November-2017,No,Soledad,legal advice,Yes,VIF,Psychological - Physical,Psychological Orientation,Family commissary
November-2017,No,St Thomas,psychological and legal advice,Yes,VIF,Psychological,Legal advice,Family commissary
November-2017,No,Barranquilla,LEGAL ADVICE,No,VIF,Psychological,Legal advice,Family commissary
November-2017,No,Galapa,PSYCHO / LEGAL,No,VIF,Psychological - Physical,Psycho-Legal,Police Inspection
November-2017,No,Barranquilla,PSYCHOLOGICAL,Yes,VIF,Psychological - Physical,Psycho-Legal,None
November-2017,No,Barranquilla,psychology,Yes,VIF,Does not apply,Psycho-Social,None
November-2017,No,Soledad,Psychology,No,Does not apply,Does not apply,None,None
November-2017,No,Soledad,Query,Yes,Does not apply,Does not apply,None,None
November-2017,NO,Soledad,PSYCHOLOGICAL,No,VIF,Does not apply,Psychological Orientation,None
November-2017,No,Barranquilla,LEGAL ADVICE,Yes,Does not apply,Does not apply,Legal advice,None
November-2017,No,Galapa,PSYCHOLOGICAL,No,Others,Psychological,Psycho-Social,None
November-2017,No,Galapa,legal advice,Yes,VIF,Psychological - Physical - Sexual,Legal advice,Prosecutor's office
November-2017,No,Soledad,legal advice,No,Does not apply,Does not apply,Psychological Orientation,None
November-2017,No,Soledad,PSYCHOLOGICAL ADVICE,No,VIF,Does not apply,Psychological Orientation,None
November-2017,No,Juan de Acosta,psychoLOGICAL counseling,No,VIF,Does not apply,Psychological Orientation,None
November-2017,No,Palmar de Varela,PSYCHO / LEGAL,Yes,VIF,Psychological - Physical,Psycho-Legal,Family commissary
November-2017,No,Soledad,PSYCHO / LEGAL,Yes,VIF,Psychological,Psychological Orientation,ICBF
November-2017,No,Barranquilla,PSYCHOLOGICAL,No,Does not apply,Does not apply,Psychological Orientation,ICBF
November-2017,No,Barranquilla,LEGAL,Yes,VIF,Psychological - Physical,Psycho-Legal,Family commissary
November-2017,No,Barranquilla,LEGAL,Yes,Others,Does not apply,Psycho-Legal,ICBF
November-2017,No,Barranquilla,LEGAL,Yes,VIF,Does not apply,None,None
November-2017,No,Malambo,PSYCHOLOGICAL,No,VIF,Does not apply,None,None
November-2017,No,Barranquilla,LEGAL,No,VIF,Does not apply,Legal advice,Police Inspection
November-2017,No,Soledad,LEGAL,Yes,VIF,Psychological,Psycho-Legal,Family commissary
November-2017,No,Barranquilla,LEGAL,YES,VIF,Does not apply,Social work,Prosecutor's office
November-2017,No,Barranquilla,LEGAL,Yes,VIF,Does not apply,Legal advice,Prosecutor's office
November-2017,No,Barranquilla,LEGAL,Yes,VIF,Psychological - Physical - Sexual,Psycho-Legal,Family commissary
November-2017,No,Barranquilla,LEGAL,Yes,VIF,Psychological - Physical,Psycho-Legal,Family commissary
November-2017,NO,Soledad,LEGAL,Yes,Does not apply,Does not apply,Legal advice,Family commissary
November-2017,No,Soledad,legal,No,Others,Psychological - Physical,Psychological Orientation,ICBF
November-2017,no,Soledad,legal,No,VIF,Psychological - Physical,Legal advice,None
December-2017,No,Barranquilla,legal,Yes,Others,Does not apply,Psychological Orientation,None
December-2017,No,Barranquilla,Legal advice,Yes,Does not apply,Psychological - Physical,Psychological Orientation,None
December-2017,No,Barranquilla,Psycho / legal,Yes,Others,Psychological,Psycho-Legal,Prosecutor's office
December-2017,No,Barranquilla,ORIETATION,Yes,VIF,Psychological,None,None
December-2017,No,Baranoa,legal advice house refuge,Yes,VIF,Psychological - Physical - Heritage,None,None
December-2017,No,Barranquilla,psychoLOGICAL counseling,No,VIF,Psychological,None,None
December-2017,No,Barranquilla,legal advice,No,VIF,Does not apply,None,Family commissary
December-2017,No,Baranoa,legal advice,No,Others,Does not apply,None,None
December-2017,No,Baranoa,legal advice,No,Others,Does not apply,None,Ombudsman's Office
December-2017,No,Baranoa,legal advice,no,Others,Does not apply,None,Ombudsman's Office
December-2017,No,Baranoa,legal advice,No,Others,Does not apply,None,None
December-2017,No,Barranquilla,legal advice,Yes,VIF,All of the above,Psycho-Legal,None
December-2017,No,Barranquilla,PSYCHOLOGICAL ADVICE,No,Does not apply,Does not apply,None,None
December-2017,No,Barranquilla,LEGAL ADVICE,NO,VIF,Psychological,Legal advice,Family commissary
December-2017,No,Baranoa,psycho-legal advice,No,Does not apply,Psychological,Legal advice,None
December-2017,Yes,Barranquilla,legal advice,No,Does not apply,Does not apply,None,None
December-2017,No,Soledad,legal advice,Yes,VIF,Psychological - Patrimonial,Legal advice,Ombudsman's Office
December-2017,No,Soledad,LEGAL ADVICE,Yes,VIF,Psychological - Physical - Heritage,Legal advice,Ombudsman's Office
December-2017,No,Sabanalarga,legal advice,No,Others,Does not apply,None,Family commissary
December-2017,No,Soledad,legal advice,Yes,Others,Psychological - Physical - Sexual,Legal advice,Ombudsman's Office
December-2017,No,Barranquilla,legal and psychological advice,No,Others,Psychological - Physical,Psychological Orientation,Police Inspection
December-2017,No,Soledad,Psychological,Yes,VIF,Psychological - Physical,Psychological Orientation,None
December-2017,No,Malambo,PSYCHOLOGICAL,Yes,Others,Does not apply,Psychological Orientation,None
December-2017,No,Galapa,legal,No,VIF,Psychological - Physical,Psychological Orientation,Family commissary
December-2017,No,Soledad,legal,Yes,VIF,Psychological - Physical,Psychological Orientation,Family commissary
December-2017,No,Barranquilla,legal,Yes,VIF,Psychological - Physical,Psycho-Legal,Family commissary
January-2018,No,Barranquilla,legal,No,VIF,Psychological - Physical,Psycho-Legal,Police Inspection
January-2018,No,Colombian Port,Psychological,No,VIF,Psychological - Physical,Psychological Orientation,None
January-2018,No,Barranquilla,LEGAL,Yes,VIF,Psychological - Physical - Heritage,Legal advice,None
January-2018,No,Barranquilla,Psychological,Yes,VIF,Psychological - Physical,None,None
January-2018,Yes,Barranquilla,legal,Yes,VIF,Psychological - Physical,Psychological Orientation,None
January-2018,No,Barranquilla,clinic visit,Yes,VIF,Psychological,Psycho-Legal,Prosecutor's office
January-2018,No,Barranquilla,Psycho-legal,No,VIF,Psychological - Patrimonial,Psycho-Legal,Family commissary
January-2018,No,Galapa,LEGAL,Yes,Others,Does not apply,Psycho-Legal,None
January-2018,No,Barranquilla,Psycho-legal,Yes,VIF,Psychological,Psychological Orientation,None
January-2018,No,Barranquilla,legal,Yes,Others,Psychological - Physical,Social work,Family commissary
January-2018,No,Soledad,legal,Yes,Others,Does not apply,Legal advice,Ombudsman's Office
January-2018,No,Barranquilla,Psycho-legal,No,VIF,Psychological,Psycho-Legal,Family commissary
January-2018,Yes,Barranquilla,legal,No,VIF,Psychological,None,Family commissary
January-2018,No,Barranquilla,legal,Yes,VIF,Psychological,Legal advice,Prosecutor's office
March-2018,No,Soledad,PSYCHOLOGICAL ADVICE,No,Does not apply,Does not apply,None,None
January-2018,No,Soledad,Psycho-legal,Yes,VIF,Psychological - Physical,Psychological Orientation,Family commissary
January-2018,No,Soledad,legal,Yes,VIF,Psychological - Physical,Legal advice,Family commissary
January-2018,No,Juan de Acosta,HOUSE REFUGE,Yes,VIF,Psychological,Legal advice,None
January-2018,No,Soledad,PSYCHOLOGICAL,Yes,VIF,Psychological - Physical,Psycho-Legal,Family commissary
January-2018,No,Barranquilla,legal,Yes,VIF,Psychological,Psycho-Legal,Family commissary
January-2018,No,Malambo,PSYCHOLOGICAL,No,VIF,Psychological,Psychological Orientation,Family commissary
January-2018,No,Soledad,legal,No,VIF,Psychological,None,Family commissary
January-2018,No,Soledad,psycho-legal,Yes,Others,Physical,None,None
January-2018,No,Barranquilla,psycho-legal,No,Others,Psychological - Physical - Heritage,None,Prosecutor's office
January-2018,No,Barranquilla,legal advice,No,Does not apply,Does not apply,Legal advice,Ombudsman's Office
January-2018,No,Soledad,legal advice,Yes,Does not apply,Does not apply,Legal advice,Family commissary
January-2018,No,Soledad,LEGAL ASE,Yes,VIF,Psychological - Patrimonial,Legal advice,Family commissary
January-2018,No,Barranquilla,LEGAL ASE,Yes,VIF,Psychological - Physical - Sexual,Psycho-Legal,Family commissary
January-2018,Yes,Soledad,LEGAL ASE,Yes,VIF,Psychological - Physical - Heritage,Psycho-Legal,Ombudsman's Office
January-2018,No,Barranquilla,PSYCHOLOGICAL,No,Does not apply,Does not apply,None,None
January-2018,No,Malambo,Psychology,No,VIF,Psychological,None,None
February-2018,No,Soledad,Query,Yes,VIF,Psychological - Physical - Heritage,Legal advice,Family commissary
February-2018,No,Barranquilla,Psychological Orientation,No,Others,Does not apply,None,None
February-2018,No,Soledad,legal orientation,Yes,VIF,Psychological,None,None
February-2018,No,Barranquilla,legal advice,Yes,VIF,Psychological - Patrimonial,Legal advice,Family commissary
February-2018,No,Barranquilla,PSYCHOLOGICAL ADVICE,Yes,VIF,Psychological - Physical,Psycho-Legal,Family commissary
February-2018,No,Galapa,PSYCHOLOGICAL ADVICE,Yes,VIF,Psychological - Physical - Heritage,None,None
February-2018,No,Soledad,LEGAL ADVICE,Yes,Does not apply,Does not apply,Legal advice,Ombudsman's Office
February-2018,No,Barranquilla,LEGAL ADVICE,No,Does not apply,Does not apply,Legal advice,Ombudsman's Office
February-2018,No,Barranquilla,Psycho-legal,Yes,VIF,Psychological - Sexual - Patrimonial,Psycho-Legal,None
February-2018,No,Barranquilla,Psycho-legal,No,Does not apply,Does not apply,Psycho-Legal,None
February-2018,No,BARRANQUILLA,VIF,No,VIF,Psychological - Physical,Psycho-Social,Family commissary
February-2018,No,malambo,psycho-legal,Yes,Others,Does not apply,Psycho-Legal,Ombudsman's Office
February-2018,No,Barranquilla,psychological orientation,No,Does not apply,Does not apply,Psychological Orientation,None
February-2018,No,Galapa,psychological orientation,No,VIF,Psychological - Patrimonial,Legal advice,Family commissary
February-2018,No,Tubará,LEGAL,Yes,Others,Does not apply,Legal advice,None
February-2018,No,Juan de Acosta,LEGAL ADVICE,Yes,VIF,Psychological - Patrimonial,Psychological Orientation,Family commissary
February-2018,Yes,Soledad,LEGAL,No,Others,Physical,Legal advice,Prosecutor's office
February-2018,No,Barranquilla,PSYCHOLOGICAL ORIENTATION,No,VIF,Psychological,Psychological Orientation,None
February-2018,No,Barranquilla,PSYCHOLOGICAL ORIENTATION,No,VIF,Does not apply,Psychological Orientation,None
February-2018,No,Barranquilla,PSYCHOLOGICAL ORIENTATION,No,Does not apply,Does not apply,Psychological Orientation,None
February-2018,No,Barranquilla,PSYCHOLOGICAL GUIDANCE,No,Others,Psychological - Physical,Social work,Prosecutor's office
February-2018,No,Barranquilla,LEGAL ADVICE,No,VIF,Psychological,Legal advice,Ombudsman's Office
February-2018,No,Barranquilla,PSYCHOLOGICAL GUIDANCE,No,VIF,Does not apply,Psychological Orientation,None
February-2018,No,Repelón,PSYCHOLOGICAL ORIENTATION,No,Does not apply,Does not apply,Psychological Orientation,None
February-2018,No,Repelón,psychological,Yes,Others,Sexual,Psychological Orientation,Prosecutor's office
February-2018,No,Repelón,LEGAL ADVICE,Yes,VIF,Physical - Heritage,Legal advice,Family commissary
February-2018,No,Galapa,PSYCHOLOGICAL ORIENTATION,No,VIF,Does not apply,Psychological Orientation,None
February-2018,No,Galapa,PSYCHOLOGICAL ORIENTATION,No,VIF,Does not apply,Psychological Orientation,None
February-2018,No,Galapa,PSYCHOLOGICAL ORIENTATION,No,VIF,Does not apply,Psychological Orientation,None
February-2018,No,Barranquilla,LEGAL GUIDANCE,Yes,Others,Psychological - Sexual,Psychological Orientation,Prosecutor's office
February-2018,No,Juan de Acosta,Query,No,Others,Does not apply,Psychological Orientation,None
February-2018,No,Juan de Acosta,Query,No,Others,Does not apply,Psychological Orientation,None
February-2018,No,Repelón,PSYCHOLOGICAL ORIENTATION,No,VIF,Psychological,Psychological Orientation,None
February-2018,No,Barranquilla,PSYCHOLOGICAL ORIENTATION,No,VIF,Psychological - Physical,Psycho-Legal,Family commissary
February-2018,Yes,Barranquilla,LEGAL ADVICE,No,VIF,Psychological - Physical,Legal advice,Ombudsman's Office
February-2018,No,Barranquilla,LEGAL ADVICE,Yes,VIF,Psychological - Physical,Legal advice,Family commissary
February-2018,No,barranquilla,LEGAL ADVICE,No,VIF,Psychological - Patrimonial,Psycho-Legal,Family commissary
February-2018,No,Barranquilla,LEGAL ADVICE,No,VIF,Psychological - Patrimonial,Psychological Orientation,None
February-2018,No,Barranquilla,PSYCHOJURICAL,No,VIF,Psychological - Physical - Sexual,Psycho-Legal,Family commissary
February-2018,No,Barranquilla,PSYCHOLOGICAL ORIENTATION,No,VIF,Psychological - Physical,Legal advice,Prosecutor's office
February-2018,No,Soledad,PSYCHOLOGICAL ORIENTATION,No,VIF,Psychological - Physical - Heritage,Legal advice,Family commissary
February-2018,No,Malambo,PSYCHOLOGICAL,No,Does not apply,Does not apply,None,None
February-2018,No,Soledad,LEGAL ADVICE,No,Does not apply,Psychological - Physical,Legal advice,Prosecutor's office
February-2018,No,Juan de Acosta,PSYCHOLOGICAL ADVICE,No,VIF,Psychological - Physical,Psycho-Legal,Family commissary
February-2018,No,Juan de Acosta,LEGAL ADVICE,No,VIF,Psychological - Physical,Legal advice,Ombudsman's Office
February-2018,No,Colombian Port,LEGAL ADVICE,Yes,VIF,Psychological - Physical,Legal advice,Family commissary
March-2018,No,Soledad,PSYCHOLOGICAL ADVICE,No,VIF,Psychological,None,None
March-2018,No,Soledad,PSYCHOLOGICAL ADVICE,No,VIF,Psychological,None,None
March-2018,No,Barranquilla,LEGAL ADVICE,Yes,Does not apply,Does not apply,Legal advice,Ombudsman's Office
March-2018,No,Soledad,LEGAL CLEANING,Yes,VIF,Psychological - Physical - Sexual,Legal advice,None
March-2018,No,Barranquilla,PSYCHOLOGICAL ADVICE,No,VIF,Patrimonial,None,None
March-2018,No,Barranquilla,PSYCHOLOGICAL ADVICE,No,Does not apply,Does not apply,None,None
March-2018,No,Soledad,PSYCHOJURICAL ASSOCIATION,Yes,VIF,Psychological - Physical - Sexual,Legal advice,Ombudsman's Office
March-2018,No,Soledad,LEGAL ADVICE,Yes,VIF,All of the above,Legal advice,Family commissary
March-2018,No,Barranquilla,Psycho-legal,Yes,VIF,Psychological - Physical,Psycho-Legal,Family commissary
March-2018,No,Malambo,PSYCHOJURICAL,Yes,VIF,All of the above,Psychological Orientation,None
March-2018,No,Barranquilla,psycho-legal,Yes,VIF,Psychological - Physical,None,Ombudsman's Office
March-2018,No,Barranquilla,PSYCHOLOGICAL ADVICE,No,Does not apply,Psychological,Psychological Orientation,None
March-2018,No,Soledad,legal advice,Yes,VIF,Psychological - Physical - Sexual,Legal advice,None
March-2018,No,Barranquilla,LEGAL CLEANING,No,VIF,Psychological,Psycho-Legal,Family commissary
March-2018,No,Barranquilla,LEGAL ADVICE,No,Does not apply,Psychological,Legal advice,None
March-2018,No,Soledad,ASE.PSICO-JURID,No,VIF,Psychological - Physical,Psycho-Legal,None
March-2018,No,Soledad,Roast. psychological,No,VIF,Psychological - Patrimonial,None,None
March-2018,No,Barranquilla,Query,Yes,VIF,Physical,Legal advice,Ombudsman's Office
March-2018,No,Baranoa,LEGAL,YES,Does not apply,Does not apply,Legal advice,Ombudsman's Office
March-2018,No,Barranquilla,legal advice,Yes,VIF,Psychological - Physical,Legal advice,None
March-2018,No,Soledad,PSYCHOLOGICAL ASSESSMENT,No,Does not apply,Does not apply,Psycho-Social,None
March-2018,No,Soledad,LEGAL AND PSYCHOLOGICAL ADVICE,No,Does not apply,Does not apply,Psycho-Legal,Family commissary
March-2018,No,Soledad,LEGAL AND PSYCHOLOGICAL ADVICE,No,VIF,Physical - Sexual,Psycho-Legal,Family commissary
March-2018,No,Barranquilla,LEGAL ADVICE,No,Does not apply,Does not apply,Legal advice,Ombudsman's Office
March-2018,No,Barranquilla,Psychological counseling,Yes,VIF,Psychological - Physical - Heritage,Legal advice,None
March-2018,No,Soledad,Query,Yes,Others,Sexual,None,None
March-2018,No,Barranquilla,LEGAL ADVICE,No,Others,Does not apply,Legal advice,Family commissary
March-2018,No,Soledad,LEGAL ADVICE,No,VIF,Psychological - Physical - Heritage,Legal advice,Family commissary
March-2018,No,Barranquilla,LEGAL ADVICE,Yes,VIF,Psychological - Physical,Psycho-Legal,Prosecutor's office
March-2018,no,Barranquilla,Legal advice,Yes,Others,Physical,Psycho-Legal,Ombudsman's Office
March-2018,No,Baranoa,Legal advice,Yes,VIF,Psychological - Physical - Sexual,Legal advice,Family commissary
March-2018,No,Malambo,Legal advice,No,Others,Does not apply,None,Prosecutor's office
March-2018,No,Barranquilla,legal advice,Yes,Does not apply,Physical,Legal advice,Ombudsman's Office
March-2018,No,Soledad,Legal advice,No,Does not apply,Does not apply,Legal advice,Ombudsman's Office
March-2018,No,Soledad,PSYCHOLOGICAL ADVICE,No,Does not apply,Does not apply,Psychological Orientation,None
March-2018,Yes,Soledad,legal advice,No,Does not apply,Psychological - Patrimonial,Legal advice,Ombudsman's Office
April-2018,No,Barranquilla,legal advice,Yes,Does not apply,Psychological - Patrimonial,Legal advice,Family commissary
April-2018,No,Barranquilla,Psychological counseling,Yes,VIF,Psychological - Physical,None,None
April-2018,No,Barranquilla,PSYCHOLOGICAL ADVICE,Yes,VIF,Psychological - Physical,Psychological Orientation,None
April-2018,No,Galapa,LEGAL ADVICE,Yes,Does not apply,Does not apply,Legal advice,Ombudsman's Office
April-2018,Yes,Sabanalarga,Housewife,No,Does not apply,Does not apply,Psychological Orientation,None
April-2018,No,Barranquilla,Query,No,Does not apply,Does not apply,Psycho-Legal,Family commissary
April-2018,No,Barranquilla,Query,No,Does not apply,Does not apply,None,None
April-2018,NO,Galapa,Legal and psychological advice,Yes,VIF,Psychological - Physical - Heritage,Psycho-Legal,None
April-2018,No,Barranquilla,PSYCHOLOGICAL ADVICE,No,VIF,Psychological,Psychological Orientation,None
April-2018,No,Barranquilla,Legal advice,No,VIF,Psychological - Physical,Legal advice,Family commissary
April-2018,No,Malambo,LEGAL ADVICE,Yes,VIF,Psychological,Psycho-Legal,None
April-2018,No,Soledad,LEGAL ADVICE,No,Does not apply,Psychological,Legal advice,Prosecutor's office
April-2018,No,Barranquilla,PSYCHOLOGICAL ADVICE,No,VIF,Psychological - Physical,Psycho-Legal,Family commissary
April-2018,No,Barranquilla,LEGAL ADVICE,Yes,VIF,Psychological,Psycho-Legal,None
April-2018,No,Barranquilla,LEGAL ADVICE,Yes,VIF,Psychological - Physical - Heritage,Psycho-Legal,Family commissary
April-2018,No,Galapa,LEGAL ADVICE,No,VIF,Physical,Psycho-Legal,Family commissary
April-2018,No,Soledad,psychological counseling,No,Does not apply,Does not apply,Psycho-Social,None
April-2018,No,Soledad,LEGAL AND PSYCHOLOGICAL ADVICE,Yes,VIF,Psychological - Physical - Heritage,Legal advice,Family commissary
April-2018,No,Barranquilla,legal advice,No,VIF,Psychological - Physical,Legal advice,Prosecutor's office
April-2018,No,Soledad,LEGAL ADVICE,Yes,VIF,Psychological - Physical - Heritage,Legal advice,Family commissary
April-2018,No,Palmar de Varela,legal advice,No,Others,Patrimonial,None,None
April-2018,No,Barranquilla,legal advice,Yes,VIF,Psychological,Legal advice,Prosecutor's office
April-2018,No,Barranquilla,legal advice,Yes,Does not apply,Does not apply,None,Ombudsman's Office
April-2018,No,Barranquilla,psychological,No,Does not apply,Does not apply,None,None
April-2018,Yes,Soledad,Query,Yes,VIF,Psychological - Physical,Psycho-Legal,Ombudsman's Office
April-2018,No,Soledad,PSYCHOLOGICAL,No,Does not apply,Does not apply,None,None
April-2018,No,Malambo,LEGAL PSYCHO,No,Does not apply,Does not apply,Psycho-Legal,None
April-2018,No,Barranquilla,PSYCHOJURICAL,No,Does not apply,Does not apply,None,None
April-2018,No,Galapa,PSYCHOJURICAL,No,VIF,Does not apply,Psycho-Legal,None
April-2018,No,Galapa,PSYCHOJURICAL,No,VIF,Does not apply,Psycho-Legal,None
April-2018,Yes,Barranquilla,PSYCHOJURIDICAL,Yes,VIF,Psychological - Physical - Sexual,Legal advice,Police Inspection
April-2018,No,Colombian Port,PSYCHOJURIDICAL,YES,VIF,Psychological - Physical - Heritage,None,None
April-2018,Yes,Soledad,PSYCHOLOGICAL ADVICE,No,Others,Does not apply,None,None
April-2018,Yes,Barranquilla,LEGAL,No,Does not apply,Does not apply,Legal advice,Ombudsman's Office
April-2018,No,Barranquilla,PSYCHOJURIDICAL,No,VIF,Psychological - Patrimonial,Psycho-Legal,Family commissary
April-2018,No,Soledad,PSYCHOLOGICAL ADVICE,No,VIF,Psychological,None,Family commissary
April-2018,No,Barranquilla,PSYCHO-LEGAL ADVICE,No,Does not apply,Does not apply,Psycho-Legal,Family commissary
April-2018,No,Barranquilla,psycho-legal advice,No,VIF,Psychological,None,None
April-2018,No,Barranquilla,psycho-legal advice,No,VIF,Psychological - Physical - Heritage,Psycho-Legal,Family commissary
April-2018,No,Barranquilla,psychosocial counseling,Yes,Others,Psychological - Physical,Psycho-Social,Prosecutor's office
April-2018,No,Soledad,legal advice,No,VIF,Psychological - Patrimonial,Legal advice,Family commissary
April-2018,No,Soledad,psychological counseling,Yes,VIF,Psychological,None,None
April-2018,No,Barranquilla,legal advice,Yes,VIF,Psychological - Physical - Heritage,Legal advice,Family commissary
April-2018,No,Malambo,legal advice,Yes,others,Does not apply,Legal advice,Ombudsman's Office
April-2018,No,Luruaco,ENTRY TO HOUSE REFUGE,Yes,VIF,Psychological - Physical - Heritage,Legal advice,None
April-2018,No,Barranquilla,PSYCHOLOGICAL ADVICE,No,Does not apply,Does not apply,Psychological Orientation,None
April-2018,No,Barranquilla,PSYCHOLOGICAL ADVICE,Yes,Does not apply,Sexual,Psycho-Legal,Family commissary
April-2018,NO,Soledad,LEGAL ADVICE,Yes,VIF,Psychological - Physical,Legal advice,Family commissary
April-2018,No,Barranquilla,psycho-legal advice,Yes,VIF,Psychological - Physical - Sexual,Psycho-Legal,Family commissary
April-2018,NO,Barranquilla,Legal advice,No,Does not apply,Does not apply,Legal advice,Ombudsman's Office
April-2018,No,Barranquilla,LEGAL ADVICE,Yes,VIF,Psychological - Physical - Sexual,Legal advice,None
April-2018,No,Barranquilla,PSYCHOLOGICAL ADVICE,No,VIF,Does not apply,Psychological Orientation,None
April-2018,No,Barranquilla,participate in course,No,VIF,Psychological - Sexual,None,None
April-2018,NO,Soledad,LEGAL ADVICE,YES,VIF,Psychological - Physical,Psycho-Legal,Family commissary
April-2018,NO,Barranquilla,LEGAL ADVICE,Yes,VIF,Psychological - Physical - Heritage,Legal advice,Family commissary
April-2018,No,Soledad,LEGAL ADVICE,No,Does not apply,Does not apply,Psycho-Legal,Police Inspection
April-2018,No,Galapa,PSYCHOLOGICAL ADVICE,No,VIF,Does not apply,Psychological Orientation,None
May-2018,No,Barranquilla,PSYCHOLOGICAL ADVICE,No,VIF,Psychological,None,None
May-2018,No,Barranquilla,PSYCHOLOGICAL ADVICE,No,VIF,Psychological,None,None
May-2018,No,Galapa,PSYCHOLOGICAL ADVICE,No,VIF,Psychological,None,None
May-2018,No,Barranquilla,LEGAL ADVICE,No,Does not apply,Psychological,Legal advice,Ombudsman's Office
May-2018,No,Barranquilla,LEGAL ADVICE,Yes,Does not apply,Psychological - Physical,None,None
May-2018,No,Soledad,LEGAL ADVICE,Yes,VIF,Psychological - Physical,Legal advice,Family commissary
May-2018,No,Barranquilla,PSYCHO-LEGAL ADVICE,No,VIF,Psychological - Physical,Psycho-Legal,Prosecutor's office
May-2018,No,Barranquilla,PSYCHO-LEGAL ADVICE,No,VIF,Psychological - Physical,Psycho-Legal,Family commissary
May-2018,No,Soledad,LEGAL ADVICE,No,Does not apply,Does not apply,Legal advice,Police Inspection
May-2018,NO,Soledad,LEGAL ADVICE,No,Does not apply,Does not apply,Legal advice,Ombudsman's Office
May-2018,No,Barranquilla,PSYCHOLOGICAL,No,Others,Does not apply,Psychological Orientation,None
May-2018,No,Galapa,PSYCHOJURIDICAL ADVICE,Yes,VIF,Psychological,Psychological Orientation,Family commissary
May-2018,No,St Thomas,PSYCHOLOGICAL ADVICE,No,VIF,Psychological - Physical,Psycho-Legal,None
May-2018,No,Barranquilla,LEGAL PSYCHOLOGICAL ADVICE,Yes,VIF,Psychological - Physical - Sexual,Psycho-Legal,Prosecutor's office
May-2018,No,Barranquilla,LEGAL ADVICE,No,VIF,Psychological - Physical,Legal advice,None
May-2018,No,Barranquilla,Psychological counseling,Yes,VIF,Sexual,Psycho-Social,None
May-2018,No,Galapa,LEGAL ADVICE,Yes,VIF,Psychological,Legal advice,Prosecutor's office
May-2018,No,Soledad,PSYCHO LEGAL ADVICE,No,Does not apply,Does not apply,None,Family commissary
May-2018,No,Barranquilla,PSYCHOJURIDICAL ADVICE,No,Does not apply,Psychological - Patrimonial,Legal advice,Ombudsman's Office
May-2018,No,Barranquilla,Legal advice,Yes,VIF,Psychological - Physical - Heritage,Legal advice,Ombudsman's Office
May-2018,No,Soledad,Psychological counseling,Yes,VIF,Psychological - Physical,None,None
May-2018,No,Barranquilla,Psychological Counseling,No,VIF,Psychological - Physical,Psychological Orientation,Prosecutor's office
May-2018,No,Barranquilla,LEGAL ADVICE,Yes,VIF,Psychological - Physical,Legal advice,Family commissary
May-2018,No,Soledad,LEGAL ADVICE,No,VIF,Psychological - Physical,Legal advice,Family commissary
May-2018,No,Soledad,LEGAL,Yes,Others,Sexual,Legal advice,Prosecutor's office
May-2018,No,Galapa,PSYCHOLOGICAL,Yes,VIF,Psychological,Psychological Orientation,None
May-2018,No,Palmar de Varela,LEGAL ADVICE,No,Does not apply,Does not apply,Legal advice,None
May-2018,No,Soledad,PSYCHOLOGICAL ORIENTATION,No,VIF,Does not apply,Psychological Orientation,None
May-2018,No,Soledad,PSYCHOLOGICAL ORIENTATION,No,VIF,Does not apply,Psychological Orientation,None
May-2018,No,Soledad,PSYCHOLOGICAL ORIENTATION,No,VIF,Does not apply,Psychological Orientation,None
May-2018,No,Barranquilla,legal advice,Yes,VIF,Does not apply,Legal advice,None
May-2018,No,Soledad,PSYCHOLOGICAL ORIENTATION,No,VIF,Psychological - Physical,Psychological Orientation,None
May-2018,No,Soledad,LEGAL ADVICE,No,VIF,Psychological,Legal advice,None
May-2018,No,Galapa,PSYCHOLOGICAL ORIENTATION,No,VIF,Does not apply,Psychological Orientation,None
May-2018,No,Galapa,PSYCHOLOGICAL ORIENTATION,No,VIF,Does not apply,Psychological Orientation,None
May-2018,No,Malambo,legal guidance,No,VIF,Psychological - Physical,Legal advice,Family commissary
May-2018,No,Barranquilla,LEGAL ADVICE,Yes,Does not apply,Does not apply,Legal advice,Ombudsman's Office
May-2018,No,Barranquilla,LEGAL ADVICE,No,Does not apply,Does not apply,Legal advice,Family commissary
May-2018,No,Juan de Acosta,PSYCHOLOGICAL ADVICE,No,Does not apply,Does not apply,Psychological Orientation,None
May-2018,No,Barranquilla,Psychological counseling,Yes,VIF,Psychological - Physical,None,Ombudsman's Office
May-2018,No,Barranquilla,Legal advice,Yes,Does not apply,Does not apply,None,Prosecutor's office
May-2018,No,Soledad,LEGAL ADVICE,Yes,VIF,Psychological - Physical,Legal advice,Ombudsman's Office
May-2018,No,Barranquilla,Psycho-legal advice,Yes,Others,Psychological - Physical - Sexual,None,None
May-2018,No,Barranquilla,legal advice,No,Does not apply,Psychological,Legal advice,Family commissary
May-2018,No,Barranquilla,legal advice,No,VIF,Psychological - Physical - Heritage,Legal advice,Family commissary
June-2018,No,Galapa,PSYCHO / LEGAL,No,VIF,Psychological - Physical,Psycho-Legal,Prosecutor's office
June-2018,No,Barranquilla,PSYCHOJURICAL,No,Others,Psychological - Sexual,Psycho-Legal,Prosecutor's office
June-2018,No,Barranquilla,Legal advice,Yes,Does not apply,Does not apply,Legal advice,Ombudsman's Office
June-2018,No,Barranquilla,Legal advice,Yes,Others,Psychological - Sexual,Psycho-Legal,Ombudsman's Office
June-2018,No,Malambo,LEGAL ADVICE,YES,VIF,Psychological - Physical,Legal advice,Prosecutor's office
June-2018,Yes,Barranquilla,LEGAL ADVICE,No,VIF,Psychological,Legal advice,None
June-2018,No,Barranquilla,LEGAL ADVICE,Yes,VIF,Psychological - Physical,Legal advice,Family commissary
June-2018,No,Barranquilla,PSYCHOLOGICAL ADVICE,No,VIF,Does not apply,Psychological Orientation,None
June-2018,No,Soledad,PSYCHOSOCIAL COUNSELING,No,VIF,Psychological,Psychological Orientation,None
June-2018,No,Soledad,PSYCHOSOCIAL COUNSELING,Yes,VIF,Does not apply,Social work,None
June-2018,No,Laying,PSYCHO-LEGAL ADVICE,Yes,VIF,Does not apply,Legal advice,Family commissary
June-2018,No,Laying,PSYCHO-LEGAL ADVICE,Yes,Does not apply,Physical,Psycho-Legal,Ombudsman's Office
June-2018,No,Laying,PSYCHOLOGICAL-CONSULTANCY,Yes,Does not apply,Psychological - Physical - Heritage,Psycho-Legal,Family commissary
June-2018,No,Laying,PSYCHO-LEGAL ADVICE,Yes,Does not apply,Sexual,Psycho-Legal,Prosecutor's office
June-2018,No,Laying,PSYCHO-LEGAL ADVICE,YES,Does not apply,Physical,Psycho-Legal,Family commissary
June-2018,No,Laying,PSYCHO-LEGAL ADVICE,Yes,Does not apply,Sexual,Psycho-Legal,None
June-2018,No,Laying,PSYCHO-LEGAL ADVICE,YES,Does not apply,Sexual,Psycho-Legal,None
June-2018,No,Soledad,LEGAL ADVICE,Yes,Does not apply,Does not apply,Psycho-Legal,Ombudsman's Office
June-2018,No,Barranquilla,PSYCHOJURICAL ADVICE,Yes,VIF,Psychological,Psycho-Legal,Family commissary
June-2018,No,Barranquilla,PSYCHOLOGICAL,No,Does not apply,Does not apply,Psychological Orientation,None
June-2018,No,Soledad,Psychological,No,VIF,Psychological - Physical - Heritage,Legal advice,None
June-2018,Yes,Barranquilla,LEGAL,No,VIF,Patrimonial,Legal advice,None
June-2018,No,Barranquilla,LEGAL ADVICE,No,VIF,Psychological - Physical - Heritage,Legal advice,Family commissary
June-2018,No,Barranquilla,LEGAL ADVICE,No,Does not apply,Psychological,Legal advice,Police Inspection
June-2018,No,Soledad,LEGAL ADVICE,Yes,Others,Psychological - Physical,Legal advice,Prosecutor's office
June-2018,Yes,Malambo,Psychological Counseling,No,Does not apply,Does not apply,None,None
June-2018,No,Malambo,Psychological counseling,No,Does not apply,Does not apply,None,None
June-2018,No,Barranquilla,Psychological counseling,No,Does not apply,Does not apply,None,None
June-2018,No,Barranquilla,Query,Yes,VIF,Psychological - Physical,Psycho-Legal,Prosecutor's office
June-2018,No,Soledad,LEGAL ADVICE,Yes,VIF,Psychological - Patrimonial,None,None
June-2018,No,Soledad,LEGAL ADVICE,No,Does not apply,Psychological,Legal advice,Family commissary
June-2018,No,Malambo,Aesoria y Psicologica,No,Does not apply,Does not apply,None,Ombudsman's Office
June-2018,No,Barranquilla,LEGAL ADVICE,No,VIF,Psychological - Physical,Legal advice,Ombudsman's Office
June-2018,No,Barranquilla,LEGAL ADVICE,No,VIF,Psychological - Physical,Legal advice,Ombudsman's Office
June-2018,No,Soledad,psychological,Yes,VIF,Psychological,Psychological Orientation,None
June-2018,No,Malambo,PSYCHOLOGY,No,Does not apply,Does not apply,Psychological Orientation,None
June-2018,No,Barranquilla,psychological,No,Does not apply,Does not apply,Psychological Orientation,None
June-2018,No,Barranquilla,Psychological,No,VIF,Psychological - Physical,None,None
June-2018,no,Soledad,psychojurica,Yes,VIF,Psychological - Physical - Sexual,Psycho-Legal,None
June-2018,No,Colombian Port,Psychological,No,VIF,All of the above,None,None
June-2018,No,Barranquilla,psycho-legal,Yes,VIF,Psychological - Physical - Heritage,none,None
June-2018,No,Barranquilla,LEGAL ADVICE,No,VIF,Psychological,Legal advice,Family commissary
July-2018,No,Galapa,Legal advice,No,Does not apply,Does not apply,Legal advice,Ombudsman's Office
July-2018,No,Barranquilla,PSYCHOLOGICAL,Yes,VIF,Psychological,None,None
July-2018,No,Juan de Acosta,LEGAL,Yes,VIF,Psychological,Legal advice,Ombudsman's Office
July-2018,Yes,Barranquilla,LEGAL,No,VIF,Psychological - Physical,Legal advice,Family commissary
July-2018,No,Barranquilla,PSYCHOLOGICAL ADVICE,No,VIF,Psychological - Physical,Psychological Orientation,None
July-2018,No,Barranquilla,PSYCHOLOGICAL ADVICE,Yes,VIF,Physical - Sexual,Psychological Orientation,None
July-2018,No,Colombian Port,Psycho-legal advice,Yes,VIF,Psychological - Physical - Heritage,None,Family commissary
July-2018,No,Baranoa,Psycho-legal advice,Yes,VIF,Psychological - Physical - Sexual,Psycho-Legal,None
July-2018,No,Barranquilla,PSYCHOLOGICAL,No,Does not apply,Does not apply,None,None
July-2018,No,Barranquilla,legal and psychological,No,Does not apply,Does not apply,Legal advice,Family commissary
July-2018,No,Soledad,legal,No,Does not apply,Does not apply,None,None
July-2018,No,Soledad,LEGAL ADVICE,Yes,Others,Sexual,Legal advice,Attorney
July-2018,No,Barranquilla,LEGAL ADVICE,Yes,Does not apply,Does not apply,Legal advice,Family commissary
July-2018,No,Barranquilla,psycho-legal counseling,No,VIF,Psychological - Physical,Psycho-Legal,None
July-2018,No,Barranquilla,LEGAL ADVICE,No,VIF,Psychological - Physical - Heritage,Legal advice,Prosecutor's office
July-2018,No,Barranquilla,LEGAL ADVICE,Yes,VIF,Physical,Legal advice,None
JULY-2018,NO,Barranquilla,legal soria,No,Does not apply,Does not apply,None,Ombudsman's Office
July-2018,No,Soledad,legal advice,Yes,Others,Psychological,None,None
July-2018,No,Barranquilla,ASESPSICO7JURIDICA,Yes,VIF,Psychological - Physical,Legal advice,None
July-2018,No,Barranquilla,legal advice,No,Does not apply,Psychological,Legal advice,Police Inspection
July-2018,No,Barranquilla,legal advice,No,Does not apply,Psychological - Patrimonial,Legal advice,Family commissary
July-2018,No,Soledad,LEGAL ADVICE,No,Does not apply,Physical,Legal advice,Prosecutor's office
August-2018,No,Barranquilla,Psycho-legal advice,Yes,Others,Psychological - Physical,Legal advice,None
August-2018,No,St Thomas,Psychological counseling,Yes,VIF,Psychological - Patrimonial,Legal advice,Family commissary
August-2018,No,Soledad,legal-psychological advice,No,Does not apply,Psychological - Physical,Legal advice,None
August-2018,No,Galapa,LEGAL ADVICE,No,Does not apply,Psychological,Legal advice,None
August-2018,No,Barranquilla,legal advice,Yes,Does not apply,Does not apply,Legal advice,Ombudsman's Office
August-2018,No,Soledad,LEGAL ADVICE,No,VIF,Psychological - Physical - Sexual,Legal advice,Family commissary
August-2018,No,Barranquilla,legal advice,Yes,Does not apply,Physical,Legal advice,Ombudsman's Office
August-2018,No,Barranquilla,legal advice,Yes,Does not apply,Physical,Legal advice,Family commissary
August-2018,No,Barranquilla,legal advice,Yes,Does not apply,Psychological - Physical,Legal advice,Family commissary
August-2018,No,Barranquilla,Legal advice,Yes,VIF,Psychological - Physical - Heritage,Psycho-Legal,None
August-2018,No,Malambo,psychological counseling,No,Does not apply,Psychological,Psychological Orientation,None
August-2018,No,Barranquilla,legal advice,Yes,VIF,Psychological,Psycho-Legal,Police Inspection
August-2018,No,Soledad,legal advice,Yes,Does not apply,Psychological - Physical,Psycho-Legal,None
August-2018,No,Barranquilla,Psychology counseling,Yes,VIF,Psychological - Physical,Psycho-Legal,Prosecutor's office
August-2018,No,Barranquilla,psycho-legal advice,Yes,Does not apply,Psychological - Physical,Psycho-Legal,Police Inspection
August-2018,No,Soledad,Psychological counseling,No,VIF,Psychological - Physical,None,None
August-2018,No,Soledad,Legal advice,Yes,VIF,Psychological - Physical,Psychological Orientation,Prosecutor's office
August-2018,No,Barranquilla,legal advice,No,VIF,Psychological - Physical,Psycho-Legal,Family commissary
August-2018,No,Sabanalarga,LEGAL ADVICE,Yes,VIF,Physical,Psycho-Legal,Ombudsman's Office
August-2018,No,Barranquilla,Psycho / legal,No,Others,Sexual,Psychological Orientation,None
September-2018,No,Soledad,Psycho-legal counseling,Yes,Others,Psychological - Sexual,None,None
September-2018,No,Colombian Port,PSYCHOLOGICAL,No,Others,Does not apply,Psychological Orientation,None
September-2018,No,Barranquilla,Legal Advice,Yes,VIF,Psychological - Physical,Psycho-Legal,Family commissary
September-2018,No,Barranquilla,Legal advice,No,VIF,Psychological - Physical,Legal advice,Family commissary
September-2018,Yes,Malambo,Legal advice,No,VIF,Psychological - Physical,Legal advice,None
September-2018,No,Barranquilla,Legal advice,No,VIF,Psychological - Patrimonial,Legal advice,Family commissary
September-2018,No,Soledad,legal advice,No,Does not apply,Psychological - Patrimonial,Legal advice,Ombudsman's Office
September-2018,No,Soledad,PSYCHO / LEGAL,Yes,VIF,All of the above,None,Family commissary
September-2018,No,Baranoa,PSYCHO / LEGAL,NO,Does not apply,Does not apply,None,None
September-2018,No,Barranquilla,PSYCHO / LEGAL,Yes,VIF,Sexual,Psycho-Legal,None
September-2018,No,Soledad,Psycho / Legal,No,Others,Does not apply,Legal advice,Prosecutor's office
September-2018,No,Barranquilla,Query,No,Does not apply,Does not apply,Legal advice,Ombudsman's Office
September-2018,No,Barranquilla,Psycho / legal,Yes,VIF,Psychological,None,None
September-2018,No,Barranquilla,Psycho / legal,No,Does not apply,Does not apply,None,None
September-2018,No,Barranquilla,LEGAL ADVICE,No,VIF,Psychological - Physical,Legal advice,Family commissary
September-2018,No,Barranquilla,Grief over the loss of a child,No,Does not apply,Does not apply,None,None
September-2018,No,Barranquilla,FOOD ABSENCE,No,Does not apply,Does not apply,Legal advice,Family commissary
September-2018,Yes,Barranquilla,legal advice,No,VIF,Physical,Legal advice,Family commissary
September-2018,No,Barranquilla,LEGAL PARTNER,NO,Others,Psychological - Physical,Social work,Prosecutor's office
September-2018,No,Malambo,legal partner,Yes,VIF,Psychological - Physical,Psycho-Legal,Ombudsman's Office
September-2018,No,Soledad,legal advice,No,VIF,Psychological,Psycho-Legal,Family commissary
September-2018,No,Barranquilla,Psycho / legal,Yes,VIF,Psychological - Physical,Psycho-Legal,Family commissary
September-2018,No,Colombian Port,SOCIAL WORK,No,Does not apply,Does not apply,None,None
September-2018,No,Soledad,LEGAL ADVICE,Yes,VIF,Psychological - Patrimonial,None,None
September-2018,No,Barranquilla,legal advice,No,Does not apply,Psychological,Legal advice,Ombudsman's Office
September-2018,No,Soledad,legal,Yes,VIF,Psychological - Physical - Sexual,Legal advice,Prosecutor's office
September-2018,No,Malambo,Psycho / legal,Yes,VIF,Psychological - Physical,Legal advice,Family commissary
September-2018,Yes,Barranquilla,Psychological Orientation,Yes,VIF,All of the above,None,None
September-2018,No,Juan de Acosta,PSYCHOLOGY,No,Does not apply,Does not apply,None,None
September-2018,No,Juan de Acosta,PSYCHOLOGY,Yes,VIF,Psychological - Physical,Psychological Orientation,None
October-2018,No,Soledad,legal and psychological,Yes,VIF,Psychological - Patrimonial,Legal advice,Family commissary
October-2018,No,Barranquilla,legal and psychological,Yes,VIF,Psychological - Physical,None,None
October-2018,No,Baranoa,LEGAL ADVICE,Yes,VIF,Psychological,Legal advice,None
October-2018,No,Soledad,PSYCHOLOGICAL,No,VIF,Psychological - Sexual - Patrimonial,Psychological Orientation,None
October-2018,Yes,Barranquilla,HOUSEWIFE,Yes,Others,Does not apply,Psychological Orientation,None
October-2018,No,Malambo,LEGAL ADVICE,Yes,VIF,Patrimonial,Psychological Orientation,None
October-2018,No,Soledad,LEGAL ADVICE,Yes,Others,Patrimonial,None,None
October-2018,No,Malambo,Psycho / legal,Yes,Others,Sexual,Psycho-Legal,Prosecutor's office
October-2018,No,Barranquilla,PSYCHOLOGICAL,Yes,Others,Sexual,Psychological Orientation,None
October-2018,No,Barranquilla,LEGAL ADVICE,No,Does not apply,Does not apply,Legal advice,Ombudsman's Office
October-2018,No,Soledad,AS / PSYCHO / LEGAL,No,Others,Psychological,Legal advice,Family commissary
October-2018,No,Soledad,LEGAL ADVICE,Yes,Others,Does not apply,Legal advice,Family commissary
October-2018,No,Barranquilla,legal and psychological,Yes,Others,Psychological,Psycho-Legal,Prosecutor's office
October-2018,Yes,Soledad,LEGAL ADVICE,No,VIF,Psychological,Legal advice,Family commissary
October-2018,No,Barranquilla,ATTENTION,No,Does not apply,Does not apply,Social work,None
October-2018,YES,Soledad,legal advice,Yes,VIF,Psychological - Physical - Heritage,Legal advice,Family commissary
October-2018,No,Barranquilla,LEGAL ADVICE,Yes,Does not apply,Does not apply,Legal advice,Family commissary
October-2018,No,Juan de Acosta,PSYCHOLOGY,No,Does not apply,Sexual,Psychological Orientation,None
October-2018,No,Barranquilla,LEGAL AND PSYCHOLOGICAL ADVICE,No,Does not apply,Does not apply,Psycho-Legal,None
October-2018,Yes,Soledad,LEGAL ADVICE,No,Does not apply,Does not apply,None,Family commissary
October-2018,No,Barranquilla,LEGAL ADVICE,No,Others,Psychological - Sexual,Legal advice,Prosecutor's office
October-2018,No,Soledad,LEGAL ADVICE,Yes,Others,Sexual,Psychological Orientation,None
October-2018,No,Barranquilla,LEGAL AND PSYCHOLOGICAL ADVICE,No,Does not apply,Psychological,Legal advice,None
October-2018,Yes,Barranquilla,LEGAL AND PSYCHOLOGICAL ADVICE,No,VIF,Psychological - Patrimonial,Legal advice,None
October-2018,Yes,Malambo,LEGAL AND PSYCHOLOGICAL ADVICE,No,VIF,Psychological - Patrimonial,Legal advice,Family commissary
October-2018,Yes,Barranquilla,LEGAL ADVICE,Yes,VIF,Psychological - Physical,Psycho-Legal,Family commissary
October-2018,No,Polonuevo,LEGAL ADVICE,No,Others,Psychological - Physical,Legal advice,Prosecutor's office
October-2018,No,Barranquilla,LEGAL ADVICE,No,Does not apply,Psychological,Legal advice,Family commissary
October-2018,No,Barranquilla,PSYCHOLOGICAL ADVICE,Yes,VIF,Psychological - Physical,Psycho-Legal,None
October-2018,Yes,Galapa,LEGAL ADVICE,Yes,VIF,Psychological - Sexual - Patrimonial,Psycho-Legal,Prosecutor's office
October-2018,No,St Thomas,LEGAL AND PSYCHOLOGICAL ADVICE,No,Does not apply,Does not apply,Psycho-Legal,None
October-2018,No,Soledad,LEGAL ADVICE,No,VIF,Psychological - Physical - Heritage,Legal advice,Police Inspection
November-2018,No,Soledad,LEGAL ADVICE,No,VIF,Psychological,Legal advice,Family commissary
November-2018,No,Barranquilla,PSYCHOJURICAL ADVICE,Yes,VIF,Psychological - Physical,Legal advice,Ombudsman's Office
November-2018,Yes,GALAPA,LEGAL ADVICE,Yes,VIF,Psychological - Physical - Heritage,Legal advice,Prosecutor's office
November-2018,No,Barranquilla,LEGAL ADVICE,Yes,VIF,Psychological - Physical - Heritage,Legal advice,Family commissary
November-2018,No,Soledad,PSYCHO / legal,No,VIF,Psychological - Physical,Psycho-Legal,Family commissary
November-2018,No,Barranquilla,legal,No,Does not apply,Does not apply,None,Family commissary
November-2018,No,Polonuevo,PSYCHO / LEGAL,Yes,VIF,Psychological,Legal advice,Family commissary
November-2018,Yes,Soledad,LEGAL ADVICE,No,VIF,Psychological - Physical,Legal advice,Family commissary
November-2018,No,Barranquilla,LEGAL ADVICE,Yes,Does not apply,Psychological - Physical - Heritage,Legal advice,None
November-2018,No,Barranquilla,LEGAL ADVICE,No,Others,Psychological,Legal advice,Police Inspection
November-2018,No,Barranquilla,LEGAL,No,VIF,Psychological - Physical,Legal advice,Prosecutor's office
November-2018,No,Barranquilla,LEGAL ADVICE,No,VIF,Psychological - Physical,Legal advice,Family commissary
November-2018,No,Barranquilla,Psychological,Yes,VIF,Psychological - Physical - Sexual,Psychological Orientation,None
November-2018,No,Barranquilla,PSYCHOLOGICAL,No,Does not apply,Psychological,Psychological Orientation,None
November-2018,No,Barranquilla,PSYCHOLOGICAL,No,VIF,Psychological - Physical - Heritage,Psycho-Social,Family commissary
November-2018,No,Galapa,Psychological,No,Does not apply,Does not apply,None,None
November-2018,Yes,Barranquilla,legal,No,Others,Does not apply,Psycho-Legal,ICBF
November-2018,No,Malambo,Legal,No,VIF,Patrimonial,Legal advice,Family commissary
November-2018,Yes,Barranquilla,LEGAL,Yes,Others,Does not apply,Legal advice,None
November-2018,No,Barranquilla,psycho-legal,Yes,VIF,Psychological - Physical,None,None
November-2018,No,Barranquilla,legal,No,VIF,Psychological - Physical,Legal advice,Family commissary
November-2018,No,Laying,LEGAL ADVICE,No,VIF,Psychological - Physical - Heritage,Legal advice,Family commissary
November-2018,No,Barranquilla,psychological,Yes,VIF,Psychological - Physical,Psychological Orientation,Prosecutor's office
November-2018,No,Barranquilla,psychological,No,Does not apply,Does not apply,None,None
November-2018,No,Barranquilla,LEGAL,No,Others,Physical,Legal advice,Prosecutor's office
November-2018,No,Barranquilla,legal,Yes,VIF,Psychological - Physical,Legal advice,Prosecutor's office
December-2018,No,Barranquilla,LEGAL ADVICE,Yes,Does not apply,Psychological,Legal advice,Ombudsman's Office
December-2018,No,Soledad,LEGAL ASERIA,Yes,Others,Does not apply,Legal advice,None
December-2018,No,Soledad,PSYCHOJURIDICAL ADVICE,Yes,VIF,Psychological - Physical,Psycho-Legal,Prosecutor's office
December-2018,No,Barranquilla,Query,Yes,VIF,Psychological - Physical,Psycho-Legal,Family commissary
December-2018,NO,Sabanalarga,LEGAL ADVICE,Yes,Others,Psychological - Physical,Legal advice,Police Inspection
December-2018,NO,Soledad,legal and psychological,Yes,Others,Psychological - Physical,Psycho-Legal,Police Inspection
December-2018,No,Malambo,LEGAL ADVICE,Yes,VIF,Psychological - Physical,Psycho-Legal,None
December-2018,No,Barranquilla,SOCIAL,No,VIF,Psychological - Physical - Heritage,Social work,Family commissary
December-2018,No,Soledad,Legal,No,Does not apply,Psychological - Physical,Psycho-Legal,Police Inspection
December-2018,No,Barranquilla,Legal,Yes,VIF,Does not apply,None,None
December-2018,No,Barranquilla,PSYCHOLOGY,Yes,VIF,Psychological,Psychological Orientation,None
December-2018,No,Soledad,psycho-legal,Yes,VIF,Psychological - Physical - Heritage,Psycho-Legal,None
December-2018,No,Soledad,LEGAL,Yes,VIF,Psychological - Physical,Legal advice,None
December-2018,No,Barranquilla,LEGAL ADVICE,No,Others,Psychological,Legal advice,Police Inspection
December-2018,No,Galapa,LEGAL ADVICE,Yes,Others,Psychological - Physical,Legal advice,Police Inspection
December-2018,No,Barranquilla,LEGAL ADVICE,Yes,VIF,Psychological - Physical,Legal advice,Police Inspection
December-2018,No,Repelón,LEGAL ADVICE,YES,Others,Psychological - Physical - Heritage,Legal advice,Prosecutor's office
December-2018,No,Barranquilla,legal / psychological,Yes,VIF,Psychological - Physical,Legal advice,None
December-2018,No,sea ​​cow,LEGAL,Yes,VIF,Psychological - Patrimonial,Legal advice,Ombudsman's Office
December-2018,No,Barranquilla,LEGAL ADVICE,Yes,Others,Psychological,Legal advice,Prosecutor's office
December-2018,No,Soledad,LEGAL ADVICE,Yes,Others,Psychological,Psycho-Legal,None
December-2018,No,Barranquilla,LEGAL ADVICE,Yes,VIF,Psychological - Physical,Legal advice,Family commissary
December-2018,No,Barranquilla,Psychological counseling,No,Others,Sexual,None,None
December-2018,No,Barranquilla,Psycho-legal counseling,Yes,VIF,All of the above,Psycho-Legal,Prosecutor's office
December-2018,No,Barranquilla,Query,No,Does not apply,Does not apply,Psychological Orientation,None
December-2018,Yes,Juan de Acosta,Psychological,No,Others,Does not apply,Psychological Orientation,None
December-2018,No,Juan de Acosta,Psychological,Yes,VIF,Psychological - Physical - Sexual,Psychological Orientation,Family commissary
December-2018,No,Barranquilla,Psychological,Yes,VIF,Psychological,Psychological Orientation,Family commissary
January-2019,No,Barranquilla,PSYCHO / LEGAL,No,Others,Psychological - Physical,Psycho-Legal,Prosecutor's office
January-2019,No,Barranquilla,PSYCHO / LEGAL,Yes,Others,Psychological,Psychological Orientation,Family commissary
January-2019,No,Barranquilla,LEGAL,No,Does not apply,Does not apply,Legal advice,Family commissary
January-2019,No,Repelón,SHELTER HOUSE INCOME,No,VIF,All of the above,None,None
January-2019,No,Barranquilla,VIF,No,VIF,Psychological - Physical,Psycho-Legal,Family commissary
January-2019,No,Barranquilla,SEPARATION,No,Others,Does not apply,Legal advice,Ombudsman's Office
January-2019,No,Barranquilla,VIF,Yes,VIF,Psychological - Physical - Heritage,Legal advice,Prosecutor's office
January-2019,No,Barranquilla,VIF,Yes,VIF,Psychological - Physical - Heritage,Psycho-Legal,Prosecutor's office
January-2019,No,Soledad,CUSTODY,Yes,Others,Does not apply,Psycho-Legal,Attorney
January-2019,No,Soledad,RESTRICTION,Yes,VIF,Psychological - Patrimonial,Psycho-Legal,Family commissary
January-2019,No,Barranquilla,DEPRESSION,No,Does not apply,Does not apply,Psychological Orientation,None
January-2019,No,Barranquilla,sexual abuse,No,Others,Sexual,Legal advice,None
January-2018,No,Candelaria,vif - food,Yes,VIF,Psychological - Physical,Legal advice,None
January-2019,No,Soledad,VIF / DAUGHTER,No,VIF,Psychological,Psychological Orientation,None
January-2019,No,Barranquilla,legal,Yes,Others,Psychological - Physical,Legal advice,Ombudsman's Office
January-2019,No,Barranquilla,VIF AND FOOD,Yes,VIF,Psychological - Physical,Legal advice,Family commissary
January-2019,No,Barranquilla,VIF,Yes,VIF,Psychological - Physical,Legal advice,Family commissary
February-2019,No,Barranquilla,EXISTENTIAL CRISIS,No,Others,Psychological,Psychological Orientation,None
February-2019,No,Barranquilla,VIF,No,VIF,Psychological - Physical - Sexual,Psycho-Legal,Ombudsman's Office
February-2019,No,Barranquilla,Sexual abuse,Yes,Others,Sexual,None,None
February-2019,No,Malambo,Query,No,Does not apply,Does not apply,None,None
February-2019,No,Barranquilla,HIS NIECE LIVING VIF,No,VIF,Psychological - Physical,Psycho-Legal,Family commissary
February-2019,No,Barranquilla,VICTIM FRIEND OF VIF,No,VIF,Psychological - Sexual - Patrimonial,Legal advice,Prosecutor's office
February-2019,No,Soledad,VIF,Yes,VIF,All of the above,Psychological Orientation,None
February-2019,No,Barranquilla,YOUNG DAUGHTER VIF,No,VIF,Psychological - Physical,Psycho-Legal,Family commissary
February-2019,No,Colombian Port,VICTIM OF ABUSE,No,Others,Does not apply,Legal advice,Prosecutor's office
February-2019,No,Soledad,vif,No,VIF,Psychological - Physical - Heritage,Psycho-Legal,None
February-2019,Yes,Barranquilla,Query,Yes,Others,Does not apply,Social work,Family commissary
February-2019,No,Soledad,VIF,Yes,VIF,Psychological - Physical,None,Attorney
February-2019,No,Malambo,Query,Yes,Does not apply,Does not apply,Legal advice,Prosecutor's office
February-2019,No,Barranquilla,Sexual abuse,No,Does not apply,Does not apply,None,None
February-2019,No,Soledad,Query,No,Others,Patrimonial,Psycho-Legal,Police Inspection
February-2019,No,Barranquilla,Query,No,Does not apply,Does not apply,None,None
February-2019,No,Barranquilla,SETTLEMENT ABOUT HOUSE,Yes,Others,Does not apply,Legal advice,None
February-2019,No,Soledad,VICTIM OF ASSAULT,No,Others,Psychological - Physical,Legal advice,Prosecutor's office
February-2019,No,Barranquilla,CASE ORIENTATION,Yes,VIF,Psychological,Legal advice,Family commissary
February-2019,No,Barranquilla,LEGAL ADVICE,No,VIF,Psychological - Physical,Legal advice,Prosecutor's office
February-2019,No,Malambo,PROPERTY ADVICE,No,Does not apply,Does not apply,Legal advice,Ombudsman's Office
February-2019,No,Galapa,EVICTION ADVICE,No,Does not apply,Psychological,Legal advice,Police Inspection
February-2019,No,Barranquilla,PSYCHOLOGY COUNSELING,No,Does not apply,Does not apply,Psychological Orientation,None
February-2019,No,Barranquilla,FOOD,Yes,Does not apply,Does not apply,Legal advice,Ombudsman's Office
February-2019,No,Barranquilla,Query,No,VIF,Sexual,Psychological Orientation,None
March-2019,No,Galapa,Query,Yes,VIF,Psychological - Physical,None,None
March-2019,No,Sabanalarga,Query,Yes,VIF,Psychological,Psychological Orientation,Ombudsman's Office
March-2019,No,Baranoa,Query,Yes,Others,Does not apply,Psychological Orientation,None
March-2019,No,Soledad,Query,No,VIF,Psychological - Physical,None,Prosecutor's office
March-2019,No,Malambo,LEGAL ADVICE,Yes,VIF,Psychological - Physical - Sexual,Legal advice,Family commissary
March-2019,No,Malambo,LEGAL ADVICE,No,VIF,Psychological,Legal advice,Family commissary
March-2019,No,Malambo,LEGAL ASEOSRIA,No,Others,Does not apply,Legal advice,Family commissary
March-2019,No,Baranoa,ASES.PSICO / LEGAL,Yes,VIF,Psychological - Physical,Psycho-Legal,Family commissary
March-2018,No,St. Lucia,PSYCHOJURICAL,Yes,Others,Patrimonial,Psycho-Legal,None
March-2019,No,Barranquilla,PSICILEGAL,Yes,VIF,Psychological - Physical - Heritage,Legal advice,Prosecutor's office
March-2019,Yes,Barranquilla,PSYCHOJURICAL,Yes,Does not apply,Psychological - Physical,Psycho-Legal,None
March-2019,No,Soledad,PSYCHOJURICAL,Yes,VIF,Patrimonial,Psycho-Legal,Ombudsman's Office
March-2019,No,Soledad,legal floor,No,VIF,Psychological - Physical,Psycho-Legal,None
March-2019,No,Soledad,PSYCHOJURICAL,No,VIF,Psychological - Physical - Heritage,Psycho-Legal,Family commissary
March-2019,No,Tubará,legal,Yes,Does not apply,Does not apply,Legal advice,None
March-2019,No,Juan de Acosta,PSYCHOLOGICAL,No,VIF,Psychological,Psychological Orientation,None
March-2019,No,Barranquilla,PSYCHO / LEGAL,Yes,VIF,Psychological,Legal advice,Family commissary
March-2019,Yes,Soledad,LEGAL,Yes,VIF,Psychological - Physical,Legal advice,Family commissary
March-2019,No,Soledad,legal,Yes,Others,Psychological - Patrimonial,Legal advice,Ombudsman's Office
March-2019,No,Barranquilla,LEGAL,No,VIF,Psychological - Patrimonial,Legal advice,Family commissary
March-2019,No,Barranquilla,LEGAL,No,Others,Psychological,Legal advice,Police Inspection
March-2019,No,Barranquilla,psychological,No,Does not apply,Does not apply,Psychological Orientation,None
April-2019,No,Soledad,pSICO / LEGAL,Yes,VIF,Psychological,Psycho-Legal,Family commissary
April-2019,No,Galapa,LEGAL ADVICE,Yes,Does not apply,Does not apply,Legal advice,Ombudsman's Office
April-2019,No,Luruaco,ENTRY,Yes,VIF,Psychological - Physical,Psycho-Legal,None
April-2019,No,Barranquilla,PSYCHOJURIDICAL,No,VIF,Psychological - Physical,Psycho-Legal,None
April-2019,No,Colombian Port,Psycho-legal,Yes,VIF,Psychological - Patrimonial,Psychological Orientation,None
April-2019,NO,Colombian Port,LEGAL,NO,Does not apply,Psychological - Physical,Legal advice,Prosecutor's office
April-2019,No,Barranquilla,PSYCHOJURICAL,Yes,VIF,Psychological - Physical,Psycho-Legal,None
April-2019,No,Barranquilla,PSYCHOJURICAL,No,VIF,Psychological - Physical - Sexual,Psycho-Legal,Family commissary
April-2019,No,Barranquilla,psycho-legal,Yes,VIF,Psychological - Physical - Heritage,Psycho-Legal,None
April-2019,Yes,Soledad,psycho-legal,Yes,VIF,Psychological - Physical - Sexual,Legal advice,Family commissary
April-2019,No,Soledad,PSYCHOJURICAL,Yes,VIF,Psychological - Physical,Psycho-Legal,Prosecutor's office
April-2019,Yes,Barranquilla,Referral for defense,Yes,Others,Sexual,Psychological Orientation,None
April-2019,No,Barranquilla,legal,Yes,VIF,Psychological - Patrimonial,Legal advice,Ombudsman's Office
April-2019,No,Palmar de Varela,LEGAL,Yes,VIF,Psychological - Physical,None,Family commissary
April-2019,No,Barranquilla,LEGAL,Yes,Others,Psychological - Patrimonial,None,None
April-2019,No,Palmar de Varela,LEGAL,Yes,Others,Psychological - Sexual,Legal advice,Prosecutor's office
April-2019,No,Soledad,LEGAL,Yes,VIF,Psychological - Patrimonial,Legal advice,Family commissary
April-2019,No,Barranquilla,LEGAL ADVICE,Yes,Does not apply,Does not apply,Psycho-Legal,Ombudsman's Office
April-2019,No,Barranquilla,ASE.PSYCHOLOGICAL,No,VIF,Psychological - Patrimonial,Psycho-Social,None
April-2019,No,Malambo,LEGAL ADVICE,No,Others,Psychological - Physical - Sexual,Legal advice,Ombudsman's Office
April-2019,No,Soledad,PSYCHOJURIDICAL ADVICE,Yes,VIF,Psychological - Physical,Psycho-Legal,Ombudsman's Office
April-2019,No,Repelón,LEGAL,Yes,Others,Physical,Psycho-Legal,Prosecutor's office
April-2019,No,Galapa,LEGAL,Yes,VIF,Psychological - Physical - Sexual,Legal advice,Ombudsman's Office
April-2019,No,Soledad,entrance house shelter,Yes,VIF,Psychological - Physical - Heritage,None,None
April-2019,No,St. Lucia,legal,No,VIF,Psychological - Physical,None,None
April-2019,No,Barranquilla,SHELTER HOUSE INCOME,Yes,VIF,Psychological - Physical,None,None
May-2019,No,Barranquilla,LEGAL,Yes,Others,Psychological - Physical - Heritage,None,None
May-2019,No,Galapa,LEGAL,Yes,Does not apply,Does not apply,Legal advice,Ombudsman's Office
May-2019,No,Soledad,PSYCHOJURICAL,No,VIF,Psychological - Physical,Psycho-Legal,Prosecutor's office
May-2019,No,Barranquilla,PSYCHOJURICAL,Yes,VIF,Psychological - Physical,Psycho-Legal,Prosecutor's office
May-2019,No,Barranquilla,PSYCHOJURIDICAL,No,Others,Does not apply,None,None
May-2019,No,Barranquilla,Query,No,Others,Patrimonial,None,None
May-2019,No,Soledad,LEGAL,No,VIF,Psychological,Legal advice,Prosecutor's office
May-2019,No,Barranquilla,PSYCHOJURICAL,Yes,VIF,Psychological - Physical,None,None
May-2019,No,Barranquilla,PSYCHOLOGY,No,VIF,Psychological - Physical,Psychological Orientation,None
May-2019,No,Juan de Acosta,PSYCHOJURICAL,No,Others,Psychological,Legal advice,Prosecutor's office
May-2019,No,Laying,PSYCHOJURICAL,Yes,Others,Psychological - Physical - Heritage,Legal advice,Attorney
May-2019,No,Barranquilla,PSYCHOJURICAL,Yes,Others,Psychological - Physical - Heritage,Legal advice,None
May-2019,No,Soledad,PSYCHOJURICAL,Yes,VIF,Psychological - Physical - Heritage,Legal advice,Ombudsman's Office
May-2019,No,Soledad,Query,No,Does not apply,Does not apply,None,None
May-2019,No,Galapa,LEGAL,No,Does not apply,Does not apply,Legal advice,Ombudsman's Office
May-2019,Yes,Soledad,LEGAL,No,VIF,Psychological - Patrimonial,Legal advice,Family commissary
May-2019,No,Barranquilla,JURICA,No,VIF,Psychological,Psycho-Legal,Family commissary
May-2019,No,Barranquilla,PSYCHOLOGICAL,Yes,VIF,Psychological,Psycho-Legal,None
May-2019,No,Barranquilla,PSYCHOJURICAL,No,Others,Psychological - Physical,None,None
May-2019,No,Barranquilla,legal advice,Yes,VIF,Physical,Legal advice,None
May-2019,No,Colombian Port,LEGAL ADVICE,Yes,VIF,Physical - Sexual,None,Prosecutor's office
May-2019,No,Palmar de Varela,LEGAL ADVICE,Yes,Others,Psychological - Physical,Legal advice,None
May-2019,No,Soledad,PSYCHOLOGICAL,Yes,VIF,Psychological - Physical,None,None
May-2019,No,Laying,Psycho-legal counseling,Yes,Others,Sexual,None,None
May-2019,No,Barranquilla,PSYCHOJURICAL,Yes,VIF,Physical - Heritage,None,Ombudsman's Office
May-2019,No,Soledad,PSYCHOLOGICAL,No,Does not apply,Does not apply,Psychological Orientation,None
June-2019,No,Soledad,LEGAL,Yes,VIF,Physical,None,None
June-2019,No,Barranquilla,LEGAL ADVICE,No,Others,Psychological,Legal advice,Prosecutor's office
June-2019,No,Soledad,LEGAL ADVICE,No,VIF,Psychological,Legal advice,Ombudsman's Office
June-2019,No,Big bed sheet,Psychological Counseling,No,Does not apply,Does not apply,None,None
June-2019,Yes,Barranquilla,LEGAL ADVICE,No,VIF,Psychological,Psycho-Legal,Family commissary
June-2019,No,Candelaria,LEGAL ADVICE,Yes,VIF,Psychological - Physical,None,None
June-2019,No,Colombian Port,LEGAL ADVICE,Yes,Others,Psychological,Legal advice,Attorney
June-2019,No,Soledad,LEGAL ADVICE,No,Does not apply,Does not apply,Legal advice,Ombudsman's Office
June-2019,No,Colombian Port,LEGAL,Yes,Does not apply,Does not apply,Legal advice,Ombudsman's Office
June-2019,No,Galapa,LEGAL,No,Does not apply,Does not apply,Legal advice,None